Experiment,Val,Trial,Reward,Steps,RunTime
Gamma,1.0,0,-291.18507642775745,118,15959.0
Gamma,1.0,1,-242.48802857970432,90,15959.0
Gamma,1.0,2,-57.11142230898521,62,15959.0
Gamma,1.0,3,-53.991683590319546,590,15959.0
Gamma,1.0,4,-406.8071623999973,93,15959.0
Gamma,1.0,5,-297.6747489330429,64,15959.0
Gamma,1.0,6,-516.297268307871,144,15959.0
Gamma,1.0,7,-172.06902673033736,244,15959.0
Gamma,1.0,8,-403.0684713406502,164,15959.0
Gamma,1.0,9,-194.16028174667753,301,15959.0
Gamma,1.0,10,-135.7901651202995,282,15959.0
Gamma,1.0,11,-534.6327822752103,245,15959.0
Gamma,1.0,12,-683.4948602255665,231,15959.0
Gamma,1.0,13,-742.5447940644808,166,15959.0
Gamma,1.0,14,-91.14100097663967,277,15959.0
Gamma,1.0,15,-113.09101495023658,134,15959.0
Gamma,1.0,16,-372.1171553544312,423,15959.0
Gamma,1.0,17,-187.0711723642258,278,15959.0
Gamma,1.0,18,-270.14297777800346,306,15959.0
Gamma,1.0,19,-280.1362950464053,145,15959.0
Gamma,1.0,20,-263.7879366370389,291,15959.0
Gamma,1.0,21,-351.6709612298692,431,15959.0
Gamma,1.0,22,-108.89735244944137,413,15959.0
Gamma,1.0,23,-36.18481550968778,303,15959.0
Gamma,1.0,24,-66.044508839267,431,15959.0
Gamma,1.0,25,-88.51660521647622,393,15959.0
Gamma,1.0,26,-102.68667655371581,591,15959.0
Gamma,1.0,27,-26.32456474478218,392,15959.0
Gamma,1.0,28,-101.95255482904598,241,15959.0
Gamma,1.0,29,-123.56816836862117,555,15959.0
Gamma,1.0,30,-326.90278939448507,473,15959.0
Gamma,1.0,31,-145.71763607131848,402,15959.0
Gamma,1.0,32,-110.65642253703581,345,15959.0
Gamma,1.0,33,-39.62213516668128,229,15959.0
Gamma,1.0,34,-21.491686613292714,307,15959.0
Gamma,1.0,35,-91.47980548490713,234,15959.0
Gamma,1.0,36,-68.90536570768762,271,15959.0
Gamma,1.0,37,-73.28480501052502,511,15959.0
Gamma,1.0,38,-35.69884433357949,248,15959.0
Gamma,1.0,39,-220.92506444146994,252,15959.0
Gamma,1.0,40,18.097084999632145,270,15959.0
Gamma,1.0,41,-75.10938958595676,428,15959.0
Gamma,1.0,42,-81.28879972744248,135,15959.0
Gamma,1.0,43,-113.53015663235463,538,15959.0
Gamma,1.0,44,-7.774586621967671,375,15959.0
Gamma,1.0,45,-55.534416350029595,376,15959.0
Gamma,1.0,46,-111.2498837001161,418,15959.0
Gamma,1.0,47,-163.69560247887756,493,15959.0
Gamma,1.0,48,-81.78962595086483,487,15959.0
Gamma,1.0,49,-22.07588574928549,451,15959.0
Gamma,1.0,50,-210.19486881883145,396,15959.0
Gamma,1.0,51,-73.35504939227226,1000,15959.0
Gamma,1.0,52,-48.82868241027016,1000,15959.0
Gamma,1.0,53,-15.70064713971911,282,15959.0
Gamma,1.0,54,26.048994228692763,404,15959.0
Gamma,1.0,55,-21.82113618252241,468,15959.0
Gamma,1.0,56,-297.6475982528797,408,15959.0
Gamma,1.0,57,-146.62656608416356,528,15959.0
Gamma,1.0,58,-248.8855146473911,887,15959.0
Gamma,1.0,59,-228.97415219036495,413,15959.0
Gamma,1.0,60,-293.21385725705557,353,15959.0
Gamma,1.0,61,-197.36967372612565,367,15959.0
Gamma,1.0,62,-154.39894297717032,297,15959.0
Gamma,1.0,63,-27.813468149259162,1000,15959.0
Gamma,1.0,64,-51.25048244467327,421,15959.0
Gamma,1.0,65,-102.92359211768208,719,15959.0
Gamma,1.0,66,-181.98484493004295,1000,15959.0
Gamma,1.0,67,-63.96919688383511,623,15959.0
Gamma,1.0,68,-98.32381185363674,1000,15959.0
Gamma,1.0,69,-69.89285616024067,603,15959.0
Gamma,1.0,70,-38.90721138621823,603,15959.0
Gamma,1.0,71,-247.064314697558,83,15959.0
Gamma,1.0,72,-107.59824676296252,544,15959.0
Gamma,1.0,73,-62.552944563874334,356,15959.0
Gamma,1.0,74,-101.91078616289133,708,15959.0
Gamma,1.0,75,-160.40748158419865,1000,15959.0
Gamma,1.0,76,-80.85127823540148,1000,15959.0
Gamma,1.0,77,-85.63749329754698,1000,15959.0
Gamma,1.0,78,-140.51453178773153,1000,15959.0
Gamma,1.0,79,-260.424185538021,580,15959.0
Gamma,1.0,80,7.561787633967293,1000,15959.0
Gamma,1.0,81,-26.786917494023424,1000,15959.0
Gamma,1.0,82,-162.21918466370116,1000,15959.0
Gamma,1.0,83,-134.453052773807,1000,15959.0
Gamma,1.0,84,-117.86210623409244,1000,15959.0
Gamma,1.0,85,-119.40998240038083,1000,15959.0
Gamma,1.0,86,-106.54463102213556,1000,15959.0
Gamma,1.0,87,-106.49751593419849,464,15959.0
Gamma,1.0,88,-148.04602326831397,1000,15959.0
Gamma,1.0,89,-94.75584832733286,1000,15959.0
Gamma,1.0,90,-139.95507922978408,1000,15959.0
Gamma,1.0,91,-122.28474085397147,1000,15959.0
Gamma,1.0,92,-163.6375037430786,1000,15959.0
Gamma,1.0,93,-114.53552860180308,1000,15959.0
Gamma,1.0,94,23.230371074725856,1000,15959.0
Gamma,1.0,95,-156.55135400480478,1000,15959.0
Gamma,1.0,96,-129.21932005493244,1000,15959.0
Gamma,1.0,97,-142.23828238362174,1000,15959.0
Gamma,1.0,98,-153.32858103372783,1000,15959.0
Gamma,1.0,99,-121.53752010479387,1000,15959.0
Gamma,1.0,100,-121.50449611572307,1000,15959.0
Gamma,1.0,101,-104.06001127132656,1000,15959.0
Gamma,1.0,102,-148.4080362724915,1000,15959.0
Gamma,1.0,103,-82.23286146827805,1000,15959.0
Gamma,1.0,104,-126.94580132986155,1000,15959.0
Gamma,1.0,105,-109.70209045754002,1000,15959.0
Gamma,1.0,106,-130.96359411067223,1000,15959.0
Gamma,1.0,107,-139.51779339123624,1000,15959.0
Gamma,1.0,108,-155.3289819611859,1000,15959.0
Gamma,1.0,109,-114.79291196769046,1000,15959.0
Gamma,1.0,110,-98.55996932280787,1000,15959.0
Gamma,1.0,111,-141.3460444575723,1000,15959.0
Gamma,1.0,112,-157.96236433373878,1000,15959.0
Gamma,1.0,113,-127.88591463933176,1000,15959.0
Gamma,1.0,114,-125.76539957000321,1000,15959.0
Gamma,1.0,115,-120.60259680493348,1000,15959.0
Gamma,1.0,116,-143.13215780348773,1000,15959.0
Gamma,1.0,117,-97.03606159041733,1000,15959.0
Gamma,1.0,118,-114.17167430213313,1000,15959.0
Gamma,1.0,119,-227.47233067056249,907,15959.0
Gamma,1.0,120,-109.81792055395478,1000,15959.0
Gamma,1.0,121,-103.99129215419346,1000,15959.0
Gamma,1.0,122,-262.09699345516003,274,15959.0
Gamma,1.0,123,-118.9922668346569,1000,15959.0
Gamma,1.0,124,-156.55654275215352,1000,15959.0
Gamma,1.0,125,-144.25290593127417,157,15959.0
Gamma,1.0,126,-56.87148976102937,61,15959.0
Gamma,1.0,127,-162.9996572863887,1000,15959.0
Gamma,1.0,128,-111.92107951595341,1000,15959.0
Gamma,1.0,129,-228.1091052939213,938,15959.0
Gamma,1.0,130,-99.00036910658672,1000,15959.0
Gamma,1.0,131,-109.44057513708383,1000,15959.0
Gamma,1.0,132,-215.39576505968301,986,15959.0
Gamma,1.0,133,-142.36089316643643,1000,15959.0
Gamma,1.0,134,-156.90406566494073,1000,15959.0
Gamma,1.0,135,-151.64664144475896,1000,15959.0
Gamma,1.0,136,-142.89788420399196,1000,15959.0
Gamma,1.0,137,-153.82264659114975,1000,15959.0
Gamma,1.0,138,-131.80297656469864,1000,15959.0
Gamma,1.0,139,-144.96655170625627,1000,15959.0
Gamma,1.0,140,-42.2425531230498,1000,15959.0
Gamma,1.0,141,-147.49629923219985,1000,15959.0
Gamma,1.0,142,-122.47102200633076,255,15959.0
Gamma,1.0,143,-162.64728090583446,1000,15959.0
Gamma,1.0,144,-154.47525502857636,1000,15959.0
Gamma,1.0,145,-126.57753152497787,1000,15959.0
Gamma,1.0,146,-151.7159046355116,1000,15959.0
Gamma,1.0,147,-135.05859431300652,1000,15959.0
Gamma,1.0,148,-145.2480810893486,1000,15959.0
Gamma,1.0,149,-136.6351877785509,1000,15959.0
Gamma,1.0,150,-177.30612950026372,1000,15959.0
Gamma,1.0,151,-163.48941536250464,315,15959.0
Gamma,1.0,152,-141.94416828864718,283,15959.0
Gamma,1.0,153,-150.19186930311182,1000,15959.0
Gamma,1.0,154,-79.66212194111068,192,15959.0
Gamma,1.0,155,-266.892017549476,706,15959.0
Gamma,1.0,156,-165.1439778232645,1000,15959.0
Gamma,1.0,157,-103.69333170610179,304,15959.0
Gamma,1.0,158,-119.66669473738325,1000,15959.0
Gamma,1.0,159,-89.52419567796974,244,15959.0
Gamma,1.0,160,-89.73905845590686,1000,15959.0
Gamma,1.0,161,-106.94743986557877,1000,15959.0
Gamma,1.0,162,-119.59176811811238,195,15959.0
Gamma,1.0,163,-140.27259015216694,452,15959.0
Gamma,1.0,164,-127.14748217500816,1000,15959.0
Gamma,1.0,165,-109.40139531707918,1000,15959.0
Gamma,1.0,166,-140.61227996906624,1000,15959.0
Gamma,1.0,167,-96.45775413420192,1000,15959.0
Gamma,1.0,168,-165.59592450892808,309,15959.0
Gamma,1.0,169,-127.04699969208136,1000,15959.0
Gamma,1.0,170,-57.55142505443846,1000,15959.0
Gamma,1.0,171,-128.95490530595615,1000,15959.0
Gamma,1.0,172,-102.40561225154241,180,15959.0
Gamma,1.0,173,-123.71148826031865,153,15959.0
Gamma,1.0,174,-151.52784453459114,1000,15959.0
Gamma,1.0,175,-250.9417821232466,840,15959.0
Gamma,1.0,176,-98.14040665751074,238,15959.0
Gamma,1.0,177,-138.6885486216468,234,15959.0
Gamma,1.0,178,-163.95519190093862,627,15959.0
Gamma,1.0,179,-130.6780856294646,1000,15959.0
Gamma,1.0,180,-118.09943610993973,1000,15959.0
Gamma,1.0,181,-100.65436647876903,265,15959.0
Gamma,1.0,182,-103.99384215266186,1000,15959.0
Gamma,1.0,183,-116.33302547548446,1000,15959.0
Gamma,1.0,184,-124.2892843836022,251,15959.0
Gamma,1.0,185,-133.00536093458993,1000,15959.0
Gamma,1.0,186,-172.09967389759043,65,15959.0
Gamma,1.0,187,-104.86463584713964,1000,15959.0
Gamma,1.0,188,-143.5627521679749,1000,15959.0
Gamma,1.0,189,-150.00722513264904,313,15959.0
Gamma,1.0,190,-108.85167585387832,161,15959.0
Gamma,1.0,191,-131.94055554579722,428,15959.0
Gamma,1.0,192,-26.56263795587661,1000,15959.0
Gamma,1.0,193,-100.56758538557253,1000,15959.0
Gamma,1.0,194,-201.13192599874023,818,15959.0
Gamma,1.0,195,-131.82020260556675,1000,15959.0
Gamma,1.0,196,-103.90470158593716,1000,15959.0
Gamma,1.0,197,-64.71186629133055,1000,15959.0
Gamma,1.0,198,-103.80137486123375,186,15959.0
Gamma,1.0,199,-215.16671055551586,179,15959.0
Gamma,1.0,200,-167.73868430883994,186,15959.0
Gamma,1.0,201,-89.05199732433563,1000,15959.0
Gamma,1.0,202,-118.92320232776362,247,15959.0
Gamma,1.0,203,-116.92298732017962,1000,15959.0
Gamma,1.0,204,-118.36488496699138,1000,15959.0
Gamma,1.0,205,-130.6834175096481,1000,15959.0
Gamma,1.0,206,-253.45311683223667,894,15959.0
Gamma,1.0,207,-99.82631506049134,267,15959.0
Gamma,1.0,208,-249.65239456935802,943,15959.0
Gamma,1.0,209,-90.11446082162819,192,15959.0
Gamma,1.0,210,-111.44210254216084,1000,15959.0
Gamma,1.0,211,-93.89219006279272,243,15959.0
Gamma,1.0,212,-130.12670281932927,1000,15959.0
Gamma,1.0,213,-70.37432187748075,187,15959.0
Gamma,1.0,214,-80.90816697741367,274,15959.0
Gamma,1.0,215,-107.45761065567469,1000,15959.0
Gamma,1.0,216,-93.92455461596799,1000,15959.0
Gamma,1.0,217,-91.28693369273316,148,15959.0
Gamma,1.0,218,-214.40089243922262,830,15959.0
Gamma,1.0,219,-91.95773267890863,1000,15959.0
Gamma,1.0,220,-73.8430833040332,1000,15959.0
Gamma,1.0,221,-138.9753449242633,152,15959.0
Gamma,1.0,222,-215.85862218513705,830,15959.0
Gamma,1.0,223,-57.30184989397598,1000,15959.0
Gamma,1.0,224,-92.5586024556673,1000,15959.0
Gamma,1.0,225,-70.11273651466945,1000,15959.0
Gamma,1.0,226,-91.35847311724942,155,15959.0
Gamma,1.0,227,-125.20020369797749,151,15959.0
Gamma,1.0,228,-98.88193443354925,1000,15959.0
Gamma,1.0,229,-76.75073392972828,1000,15959.0
Gamma,1.0,230,-93.0506303551556,1000,15959.0
Gamma,1.0,231,-140.13573018109236,1000,15959.0
Gamma,1.0,232,-86.80879946359612,1000,15959.0
Gamma,1.0,233,-118.36454022010204,218,15959.0
Gamma,1.0,234,-107.79696921210714,1000,15959.0
Gamma,1.0,235,-72.34039147697032,1000,15959.0
Gamma,1.0,236,-77.62560638993368,1000,15959.0
Gamma,1.0,237,-79.07543496131076,1000,15959.0
Gamma,1.0,238,-108.39283654246873,132,15959.0
Gamma,1.0,239,-47.97528841323075,1000,15959.0
Gamma,1.0,240,-152.51735525486902,574,15959.0
Gamma,1.0,241,-108.34903234319776,1000,15959.0
Gamma,1.0,242,-146.65219551895123,1000,15959.0
Gamma,1.0,243,-158.15320672096595,629,15959.0
Gamma,1.0,244,-108.92802353177187,164,15959.0
Gamma,1.0,245,-145.43373876432463,1000,15959.0
Gamma,1.0,246,-104.28808047614743,1000,15959.0
Gamma,1.0,247,-96.68403131635573,1000,15959.0
Gamma,1.0,248,0.26970266883340344,242,15959.0
Gamma,1.0,249,-77.15474165171025,1000,15959.0
Gamma,1.0,250,-74.240325051265,1000,15959.0
Gamma,1.0,251,-236.2876552640594,949,15959.0
Gamma,1.0,252,-129.91519756725367,1000,15959.0
Gamma,1.0,253,-93.47302152847716,1000,15959.0
Gamma,1.0,254,-87.42025989095055,264,15959.0
Gamma,1.0,255,-75.471505975441,1000,15959.0
Gamma,1.0,256,-79.38445301077955,1000,15959.0
Gamma,1.0,257,-4.53121584892285,1000,15959.0
Gamma,1.0,258,-85.90267809397638,1000,15959.0
Gamma,1.0,259,-142.93765349807154,1000,15959.0
Gamma,1.0,260,-119.19998936496934,1000,15959.0
Gamma,1.0,261,-87.40803876023612,1000,15959.0
Gamma,1.0,262,-138.18879378177223,533,15959.0
Gamma,1.0,263,-103.51290594780343,226,15959.0
Gamma,1.0,264,-20.56367455729584,69,15959.0
Gamma,1.0,265,-107.34443034671011,1000,15959.0
Gamma,1.0,266,-53.94943437126469,279,15959.0
Gamma,1.0,267,-76.47173769245626,1000,15959.0
Gamma,1.0,268,-93.97754380696837,1000,15959.0
Gamma,1.0,269,-102.31009325268212,1000,15959.0
Gamma,1.0,270,-129.98359589688397,123,15959.0
Gamma,1.0,271,-65.39789366916237,1000,15959.0
Gamma,1.0,272,-185.26857451771102,600,15959.0
Gamma,1.0,273,-128.97084810712167,1000,15959.0
Gamma,1.0,274,-97.73467869812406,1000,15959.0
Gamma,1.0,275,-53.67532329693635,1000,15959.0
Gamma,1.0,276,-77.04048742012246,1000,15959.0
Gamma,1.0,277,-71.58518413973708,1000,15959.0
Gamma,1.0,278,-88.4193888583414,1000,15959.0
Gamma,1.0,279,-95.63743891684489,739,15959.0
Gamma,1.0,280,-92.75232902477273,152,15959.0
Gamma,1.0,281,-76.26521806229582,1000,15959.0
Gamma,1.0,282,-24.012956852715952,1000,15959.0
Gamma,1.0,283,-119.73581670292452,130,15959.0
Gamma,1.0,284,-5.290156731401744,1000,15959.0
Gamma,1.0,285,-109.30218899573956,131,15959.0
Gamma,1.0,286,-39.671885755831596,1000,15959.0
Gamma,1.0,287,-65.26638517260749,1000,15959.0
Gamma,1.0,288,-117.51176424667257,1000,15959.0
Gamma,1.0,289,-42.40275821467475,1000,15959.0
Gamma,1.0,290,-82.97100668830473,1000,15959.0
Gamma,1.0,291,-132.21190962313074,151,15959.0
Gamma,1.0,292,-84.62008258777327,1000,15959.0
Gamma,1.0,293,-72.4341831929721,1000,15959.0
Gamma,1.0,294,-68.09453240482537,1000,15959.0
Gamma,1.0,295,-94.4499356514949,1000,15959.0
Gamma,1.0,296,-111.08110142233056,1000,15959.0
Gamma,1.0,297,-79.22655461880166,1000,15959.0
Gamma,1.0,298,-104.16686103295436,71,15959.0
Gamma,1.0,299,-123.73074094705996,402,15959.0
Gamma,1.0,300,-74.6546335930648,1000,15959.0
Gamma,1.0,301,-74.74028520353227,1000,15959.0
Gamma,1.0,302,-178.68867435965115,123,15959.0
Gamma,1.0,303,-76.4666849885978,1000,15959.0
Gamma,1.0,304,-101.9737432148484,1000,15959.0
Gamma,1.0,305,-125.23383033615751,109,15959.0
Gamma,1.0,306,-65.50706912782883,1000,15959.0
Gamma,1.0,307,44.96972445179321,78,15959.0
Gamma,1.0,308,-118.3503963492354,1000,15959.0
Gamma,1.0,309,-117.8271960825651,1000,15959.0
Gamma,1.0,310,-116.0004282155746,151,15959.0
Gamma,1.0,311,-90.46484435802792,1000,15959.0
Gamma,1.0,312,-48.98482385463159,1000,15959.0
Gamma,1.0,313,-109.84333740147292,142,15959.0
Gamma,1.0,314,-135.53818331612462,139,15959.0
Gamma,1.0,315,-31.360706318827877,1000,15959.0
Gamma,1.0,316,-47.341952786557194,1000,15959.0
Gamma,1.0,317,-50.50412517508481,1000,15959.0
Gamma,1.0,318,-47.2903087700874,1000,15959.0
Gamma,1.0,319,-45.752826247678584,1000,15959.0
Gamma,1.0,320,-58.12619086222499,1000,15959.0
Gamma,1.0,321,-68.33268451421982,1000,15959.0
Gamma,1.0,322,-107.53404496974605,123,15959.0
Gamma,1.0,323,-46.72391354751789,1000,15959.0
Gamma,1.0,324,-70.54991558417294,1000,15959.0
Gamma,1.0,325,-40.58111739021754,1000,15959.0
Gamma,1.0,326,-56.400682613886694,1000,15959.0
Gamma,1.0,327,-1135.8798740623306,465,15959.0
Gamma,1.0,328,-46.24360769311559,1000,15959.0
Gamma,1.0,329,-58.606035563042894,1000,15959.0
Gamma,1.0,330,-75.70130265584255,1000,15959.0
Gamma,1.0,331,-61.79190486955092,1000,15959.0
Gamma,1.0,332,-41.73337563319835,1000,15959.0
Gamma,1.0,333,-72.33865385376616,1000,15959.0
Gamma,1.0,334,-67.90274162700008,1000,15959.0
Gamma,1.0,335,-72.59003638441648,1000,15959.0
Gamma,1.0,336,-45.89707453422471,1000,15959.0
Gamma,1.0,337,-63.66320741530586,1000,15959.0
Gamma,1.0,338,-67.12612045471553,1000,15959.0
Gamma,1.0,339,-64.31216837401183,1000,15959.0
Gamma,1.0,340,-93.72479188938138,1000,15959.0
Gamma,1.0,341,-26.463168741984962,1000,15959.0
Gamma,1.0,342,-30.23512215071359,1000,15959.0
Gamma,1.0,343,-71.58916955490879,1000,15959.0
Gamma,1.0,344,-16.75687622587889,1000,15959.0
Gamma,1.0,345,-57.58763953233069,1000,15959.0
Gamma,1.0,346,-35.9109417421676,1000,15959.0
Gamma,1.0,347,-78.52201416995617,1000,15959.0
Gamma,1.0,348,-55.109097828883634,1000,15959.0
Gamma,1.0,349,-48.11274239745309,1000,15959.0
Gamma,1.0,350,-68.12736750868189,1000,15959.0
Gamma,1.0,351,-79.9446537676423,1000,15959.0
Gamma,1.0,352,-79.08605568269954,1000,15959.0
Gamma,1.0,353,-69.83498587662883,1000,15959.0
Gamma,1.0,354,-56.78426767996553,1000,15959.0
Gamma,1.0,355,-68.22958868598582,1000,15959.0
Gamma,1.0,356,-96.50246084996111,183,15959.0
Gamma,1.0,357,-79.53904471019301,1000,15959.0
Gamma,1.0,358,-127.44350334424594,145,15959.0
Gamma,1.0,359,-56.89400466083666,1000,15959.0
Gamma,1.0,360,-54.579591194830094,1000,15959.0
Gamma,1.0,361,-59.391232560440734,1000,15959.0
Gamma,1.0,362,-5.55345468240559,1000,15959.0
Gamma,1.0,363,-61.24595740291316,1000,15959.0
Gamma,1.0,364,-46.21226864425564,1000,15959.0
Gamma,1.0,365,-50.56940355214566,1000,15959.0
Gamma,1.0,366,-31.182532600376202,1000,15959.0
Gamma,1.0,367,-37.71249605143504,1000,15959.0
Gamma,1.0,368,-68.0771912109887,1000,15959.0
Gamma,1.0,369,-38.66060785045829,1000,15959.0
Gamma,1.0,370,-2.761092510247638,1000,15959.0
Gamma,1.0,371,-66.12726195765171,1000,15959.0
Gamma,1.0,372,-14.820365606815054,1000,15959.0
Gamma,1.0,373,-30.50066822783468,1000,15959.0
Gamma,1.0,374,-91.26820996698841,179,15959.0
Gamma,1.0,375,-60.38812690634212,1000,15959.0
Gamma,1.0,376,-45.25024508542013,1000,15959.0
Gamma,1.0,377,-87.88725499562415,1000,15959.0
Gamma,1.0,378,-44.89191331325673,1000,15959.0
Gamma,1.0,379,-53.028264921189276,1000,15959.0
Gamma,1.0,380,-23.336517368423625,1000,15959.0
Gamma,1.0,381,-45.447627296850776,1000,15959.0
Gamma,1.0,382,-8.400081698010803,1000,15959.0
Gamma,1.0,383,1.389921772799132,1000,15959.0
Gamma,1.0,384,-61.2407356329299,1000,15959.0
Gamma,1.0,385,-33.61849687609316,1000,15959.0
Gamma,1.0,386,-35.99748076675301,1000,15959.0
Gamma,1.0,387,-56.12366644237909,1000,15959.0
Gamma,1.0,388,-67.64527197043947,1000,15959.0
Gamma,1.0,389,-26.10947892845888,1000,15959.0
Gamma,1.0,390,-54.694809449269734,1000,15959.0
Gamma,1.0,391,-13.35351584911798,1000,15959.0
Gamma,1.0,392,-27.588818177336467,1000,15959.0
Gamma,1.0,393,-26.945570827346728,1000,15959.0
Gamma,1.0,394,-24.011217401237875,1000,15959.0
Gamma,1.0,395,-4.449717309247084,1000,15959.0
Gamma,1.0,396,-102.30483429834722,168,15959.0
Gamma,1.0,397,-37.001768466384625,1000,15959.0
Gamma,1.0,398,-41.30897293090881,1000,15959.0
Gamma,1.0,399,-79.36525725489247,216,15959.0
Gamma,1.0,400,-58.15220474279283,1000,15959.0
Gamma,1.0,401,-59.56288268464976,1000,15959.0
Gamma,1.0,402,-56.20000548630002,1000,15959.0
Gamma,1.0,403,-61.12494474457897,1000,15959.0
Gamma,1.0,404,-3.0706250516116804,1000,15959.0
Gamma,1.0,405,-97.70669229601802,282,15959.0
Gamma,1.0,406,2.834911031396545,1000,15959.0
Gamma,1.0,407,-23.010134138891736,1000,15959.0
Gamma,1.0,408,-109.13840429987506,228,15959.0
Gamma,1.0,409,-306.42367786585226,248,15959.0
Gamma,1.0,410,-17.480231905629225,280,15959.0
Gamma,1.0,411,-43.73442768055715,1000,15959.0
Gamma,1.0,412,-66.16328666437731,1000,15959.0
Gamma,1.0,413,-8.321735066565065,1000,15959.0
Gamma,1.0,414,-75.18673643614785,1000,15959.0
Gamma,1.0,415,-44.79208483632859,1000,15959.0
Gamma,1.0,416,-27.208562401426985,1000,15959.0
Gamma,1.0,417,-14.89525264259425,1000,15959.0
Gamma,1.0,418,-46.704001438777745,1000,15959.0
Gamma,1.0,419,-52.27740477049042,1000,15959.0
Gamma,1.0,420,-37.3738642863323,1000,15959.0
Gamma,1.0,421,-34.06215796388341,1000,15959.0
Gamma,1.0,422,-26.65983420865648,1000,15959.0
Gamma,1.0,423,-43.723674885740635,1000,15959.0
Gamma,1.0,424,-47.25793597453038,1000,15959.0
Gamma,1.0,425,-63.075802162456476,1000,15959.0
Gamma,1.0,426,-79.63859970453655,1000,15959.0
Gamma,1.0,427,-44.47797773495452,1000,15959.0
Gamma,1.0,428,18.098293879368008,1000,15959.0
Gamma,1.0,429,-32.78792911261287,1000,15959.0
Gamma,1.0,430,-52.598760320803464,1000,15959.0
Gamma,1.0,431,-42.84427314079691,1000,15959.0
Gamma,1.0,432,-39.11963904324792,1000,15959.0
Gamma,1.0,433,-44.41067885722004,1000,15959.0
Gamma,1.0,434,-52.676780742102295,1000,15959.0
Gamma,1.0,435,-53.11571024689827,1000,15959.0
Gamma,1.0,436,-19.538406720710768,1000,15959.0
Gamma,1.0,437,-61.16125631682458,1000,15959.0
Gamma,1.0,438,58.96390753753127,194,15959.0
Gamma,1.0,439,-49.978610038429395,1000,15959.0
Gamma,1.0,440,-26.920489864972097,1000,15959.0
Gamma,1.0,441,-47.35723816136496,1000,15959.0
Gamma,1.0,442,-11.217431856658978,1000,15959.0
Gamma,1.0,443,-7.525331237988007,1000,15959.0
Gamma,1.0,444,-30.541264471576994,1000,15959.0
Gamma,1.0,445,-26.388497286438103,1000,15959.0
Gamma,1.0,446,-47.068886700775714,1000,15959.0
Gamma,1.0,447,-79.78030788980492,1000,15959.0
Gamma,1.0,448,-76.07772268414136,1000,15959.0
Gamma,1.0,449,-86.37800269828175,1000,15959.0
Gamma,1.0,450,-80.1726923385178,1000,15959.0
Gamma,1.0,451,-30.304375638871917,1000,15959.0
Gamma,1.0,452,-76.18626982881486,1000,15959.0
Gamma,1.0,453,-29.42799562373539,1000,15959.0
Gamma,1.0,454,-46.40125468517653,1000,15959.0
Gamma,1.0,455,-37.17033105041915,1000,15959.0
Gamma,1.0,456,-55.70151675243645,1000,15959.0
Gamma,1.0,457,-45.84217030573508,1000,15959.0
Gamma,1.0,458,-20.489799677832703,1000,15959.0
Gamma,1.0,459,-7.633101349405928,1000,15959.0
Gamma,1.0,460,-44.06783733632656,1000,15959.0
Gamma,1.0,461,-44.350204254714235,1000,15959.0
Gamma,1.0,462,-53.05304360943784,1000,15959.0
Gamma,1.0,463,-51.31374270266246,1000,15959.0
Gamma,1.0,464,-46.42154353491411,1000,15959.0
Gamma,1.0,465,-63.231169616225664,1000,15959.0
Gamma,1.0,466,-21.53545267314999,1000,15959.0
Gamma,1.0,467,-35.14474478567338,1000,15959.0
Gamma,1.0,468,5.938011652897985,1000,15959.0
Gamma,1.0,469,-43.79573947707877,1000,15959.0
Gamma,1.0,470,-15.468661738744471,1000,15959.0
Gamma,1.0,471,-42.85790904505662,1000,15959.0
Gamma,1.0,472,-8.062310541484667,1000,15959.0
Gamma,1.0,473,-21.50612973417861,1000,15959.0
Gamma,1.0,474,-46.85307617270362,1000,15959.0
Gamma,1.0,475,-43.803241211238635,1000,15959.0
Gamma,1.0,476,-47.88120390863732,1000,15959.0
Gamma,1.0,477,-64.87347740395342,1000,15959.0
Gamma,1.0,478,-3.91639910950732,1000,15959.0
Gamma,1.0,479,45.08143399597412,219,15959.0
Gamma,1.0,480,-50.48722179759427,1000,15959.0
Gamma,1.0,481,-21.01298193854363,1000,15959.0
Gamma,1.0,482,-26.981901979856378,1000,15959.0
Gamma,1.0,483,244.2107745757639,430,15959.0
Gamma,1.0,484,-87.46070826651284,1000,15959.0
Gamma,1.0,485,-17.838085515567467,1000,15959.0
Gamma,1.0,486,-28.164801154506975,1000,15959.0
Gamma,1.0,487,-62.629849179320495,1000,15959.0
Gamma,1.0,488,-37.1699506364968,1000,15959.0
Gamma,1.0,489,-34.4400720717843,344,15959.0
Gamma,1.0,490,-78.78929515229557,1000,15959.0
Gamma,1.0,491,-21.55457011261433,1000,15959.0
Gamma,1.0,492,-34.27700161777314,1000,15959.0
Gamma,1.0,493,-12.573169096257486,1000,15959.0
Gamma,1.0,494,-34.55100538974067,1000,15959.0
Gamma,1.0,495,-4.412047972533685,1000,15959.0
Gamma,1.0,496,-5.1011572803430205,1000,15959.0
Gamma,1.0,497,-68.71431139027524,1000,15959.0
Gamma,1.0,498,-45.70222278334201,430,15959.0
Gamma,1.0,499,260.24918761656335,396,15959.0
Gamma,1.0,500,-65.97492289105274,1000,15959.0
Gamma,1.0,501,-33.004180744458985,1000,15959.0
Gamma,1.0,502,-60.50292219524157,1000,15959.0
Gamma,1.0,503,-60.751374281546234,1000,15959.0
Gamma,1.0,504,-61.45964047262636,1000,15959.0
Gamma,1.0,505,-41.151172397310916,1000,15959.0
Gamma,1.0,506,-62.36811697375046,1000,15959.0
Gamma,1.0,507,-30.628890326376574,1000,15959.0
Gamma,1.0,508,-22.999931055426607,1000,15959.0
Gamma,1.0,509,13.832623825241399,1000,15959.0
Gamma,1.0,510,-43.68779157616619,1000,15959.0
Gamma,1.0,511,-40.50748239544645,1000,15959.0
Gamma,1.0,512,0.5958655594722511,1000,15959.0
Gamma,1.0,513,-23.62435670935277,1000,15959.0
Gamma,1.0,514,35.92372041210743,172,15959.0
Gamma,1.0,515,5.112259518382105,1000,15959.0
Gamma,1.0,516,-12.578045455314859,1000,15959.0
Gamma,1.0,517,-26.028402620904565,1000,15959.0
Gamma,1.0,518,-16.350921089276724,1000,15959.0
Gamma,1.0,519,-22.24612621498095,1000,15959.0
Gamma,1.0,520,-48.18047874438605,1000,15959.0
Gamma,1.0,521,-36.789713683011016,1000,15959.0
Gamma,1.0,522,-16.45408195510956,1000,15959.0
Gamma,1.0,523,-66.80067189876272,68,15959.0
Gamma,1.0,524,6.8982084504842565,1000,15959.0
Gamma,1.0,525,-38.89210029350067,1000,15959.0
Gamma,1.0,526,-0.052742649628793936,1000,15959.0
Gamma,1.0,527,-3.8304483264642997,1000,15959.0
Gamma,1.0,528,-46.9299894987476,1000,15959.0
Gamma,1.0,529,-14.096749745162501,1000,15959.0
Gamma,1.0,530,-49.37390155713131,1000,15959.0
Gamma,1.0,531,-7.270849727414467,1000,15959.0
Gamma,1.0,532,-258.19681795680833,208,15959.0
Gamma,1.0,533,25.420852901363247,81,15959.0
Gamma,1.0,534,-41.94073393537602,1000,15959.0
Gamma,1.0,535,3.049319030857985,1000,15959.0
Gamma,1.0,536,-30.33633246718141,1000,15959.0
Gamma,1.0,537,-46.925149564295694,1000,15959.0
Gamma,1.0,538,-45.020149595162856,1000,15959.0
Gamma,1.0,539,-5.188630099331825,1000,15959.0
Gamma,1.0,540,-50.053051655884225,1000,15959.0
Gamma,1.0,541,-61.70638596517495,1000,15959.0
Gamma,1.0,542,3.6753193183716073,1000,15959.0
Gamma,1.0,543,-22.122199751682732,1000,15959.0
Gamma,1.0,544,-38.8112902044944,1000,15959.0
Gamma,1.0,545,-31.410362113946324,1000,15959.0
Gamma,1.0,546,-51.79365378548919,1000,15959.0
Gamma,1.0,547,-57.590061435183465,1000,15959.0
Gamma,1.0,548,-75.51132803110981,1000,15959.0
Gamma,1.0,549,-30.80539096728156,1000,15959.0
Gamma,1.0,550,-67.82363057902297,252,15959.0
Gamma,1.0,551,-38.277716827137795,1000,15959.0
Gamma,1.0,552,6.983786050537278,1000,15959.0
Gamma,1.0,553,18.072905532760547,1000,15959.0
Gamma,1.0,554,-7.896496240426166,1000,15959.0
Gamma,1.0,555,-26.994621420322275,1000,15959.0
Gamma,1.0,556,-2.088752720769646,1000,15959.0
Gamma,1.0,557,5.417857352293852,1000,15959.0
Gamma,1.0,558,13.503718639981143,1000,15959.0
Gamma,1.0,559,-191.37273638432498,221,15959.0
Gamma,1.0,560,15.558630853916702,1000,15959.0
Gamma,1.0,561,-44.75172703514574,1000,15959.0
Gamma,1.0,562,-15.284010626658002,1000,15959.0
Gamma,1.0,563,-40.53968403610247,1000,15959.0
Gamma,1.0,564,-66.88364731387668,1000,15959.0
Gamma,1.0,565,-4.6499113553318585,1000,15959.0
Gamma,1.0,566,-32.09782828276951,1000,15959.0
Gamma,1.0,567,-18.83940789081879,1000,15959.0
Gamma,1.0,568,-30.21988306647429,1000,15959.0
Gamma,1.0,569,-28.226105639000828,1000,15959.0
Gamma,1.0,570,0.697322991440553,1000,15959.0
Gamma,1.0,571,-48.79267839942753,1000,15959.0
Gamma,1.0,572,-25.782847497083516,1000,15959.0
Gamma,1.0,573,-31.172346028631054,1000,15959.0
Gamma,1.0,574,-27.707090395008816,1000,15959.0
Gamma,1.0,575,-32.928723270315665,1000,15959.0
Gamma,1.0,576,-30.976065937617207,1000,15959.0
Gamma,1.0,577,-22.452887363635387,1000,15959.0
Gamma,1.0,578,19.063967134680624,1000,15959.0
Gamma,1.0,579,-34.29708822146788,1000,15959.0
Gamma,1.0,580,-53.93565395420211,1000,15959.0
Gamma,1.0,581,5.689974564524551,1000,15959.0
Gamma,1.0,582,-22.752831922981407,1000,15959.0
Gamma,1.0,583,-20.502023448838877,1000,15959.0
Gamma,1.0,584,-30.326690290496916,1000,15959.0
Gamma,1.0,585,15.779767135170337,1000,15959.0
Gamma,1.0,586,-14.951706479145976,1000,15959.0
Gamma,1.0,587,-39.42072635851852,1000,15959.0
Gamma,1.0,588,10.847228040893757,1000,15959.0
Gamma,1.0,589,-40.175124634557584,1000,15959.0
Gamma,1.0,590,20.973314318977394,1000,15959.0
Gamma,1.0,591,20.411342365999623,1000,15959.0
Gamma,1.0,592,-23.759127324114566,1000,15959.0
Gamma,1.0,593,4.059462104227196,1000,15959.0
Gamma,1.0,594,-80.48312573108115,368,15959.0
Gamma,1.0,595,-27.279590890538234,1000,15959.0
Gamma,1.0,596,-31.082296408147492,1000,15959.0
Gamma,1.0,597,-0.9975782107331232,1000,15959.0
Gamma,1.0,598,-28.22529209886216,1000,15959.0
Gamma,1.0,599,18.125035576189457,1000,15959.0
Gamma,1.0,600,-47.57997215332751,1000,15959.0
Gamma,1.0,601,-39.515086787497815,1000,15959.0
Gamma,1.0,602,-6.525224188391451,1000,15959.0
Gamma,1.0,603,8.50363941456675,1000,15959.0
Gamma,1.0,604,-20.93809197916456,1000,15959.0
Gamma,1.0,605,-43.59522871439966,1000,15959.0
Gamma,1.0,606,-79.6971330760722,1000,15959.0
Gamma,1.0,607,18.580406750891846,1000,15959.0
Gamma,1.0,608,-27.557352974850314,1000,15959.0
Gamma,1.0,609,-23.709279804017,90,15959.0
Gamma,1.0,610,-23.301814587481477,1000,15959.0
Gamma,1.0,611,-18.72426474600608,1000,15959.0
Gamma,1.0,612,1.4676012408997436,1000,15959.0
Gamma,1.0,613,-14.985755578005078,1000,15959.0
Gamma,1.0,614,11.67186768200938,1000,15959.0
Gamma,1.0,615,-81.88475031630134,547,15959.0
Gamma,1.0,616,-51.1813577628505,1000,15959.0
Gamma,1.0,617,-61.105694762246415,1000,15959.0
Gamma,1.0,618,-4.606288611316275,1000,15959.0
Gamma,1.0,619,-30.560276692469845,1000,15959.0
Gamma,1.0,620,-55.287572942202345,1000,15959.0
Gamma,1.0,621,-22.81208001524755,1000,15959.0
Gamma,1.0,622,-402.82728737152325,305,15959.0
Gamma,1.0,623,-52.88455579798556,1000,15959.0
Gamma,1.0,624,-17.201335971881065,1000,15959.0
Gamma,1.0,625,-44.80988574406791,1000,15959.0
Gamma,1.0,626,-61.19239199653991,1000,15959.0
Gamma,1.0,627,6.965165272539249,1000,15959.0
Gamma,1.0,628,15.832383479844903,1000,15959.0
Gamma,1.0,629,-67.83641942800072,1000,15959.0
Gamma,1.0,630,-12.578487607086014,1000,15959.0
Gamma,1.0,631,4.810289267146144,1000,15959.0
Gamma,1.0,632,5.255045904415807,1000,15959.0
Gamma,1.0,633,-19.264644518834707,1000,15959.0
Gamma,1.0,634,-39.831852660099116,1000,15959.0
Gamma,1.0,635,15.031699387977683,1000,15959.0
Gamma,1.0,636,7.845500404716604,1000,15959.0
Gamma,1.0,637,-9.369358948694902,1000,15959.0
Gamma,1.0,638,-15.260030272924723,1000,15959.0
Gamma,1.0,639,-74.96194162568396,1000,15959.0
Gamma,1.0,640,-39.06561140913119,1000,15959.0
Gamma,1.0,641,-31.284361910432516,1000,15959.0
Gamma,1.0,642,-7.704329654431314,1000,15959.0
Gamma,1.0,643,-261.1079817746096,198,15959.0
Gamma,1.0,644,-2.8891591846541003,1000,15959.0
Gamma,1.0,645,-40.842418561521974,1000,15959.0
Gamma,1.0,646,-48.88428212108194,169,15959.0
Gamma,1.0,647,31.64797343338364,94,15959.0
Gamma,1.0,648,-136.42712255550364,513,15959.0
Gamma,1.0,649,5.806594577363214,1000,15959.0
Gamma,1.0,650,-21.722034813688882,1000,15959.0
Gamma,1.0,651,-14.041902164699309,1000,15959.0
Gamma,1.0,652,-53.15539263967036,1000,15959.0
Gamma,1.0,653,-5.229848162120292,1000,15959.0
Gamma,1.0,654,-38.364856099174396,1000,15959.0
Gamma,1.0,655,-12.017837555238009,1000,15959.0
Gamma,1.0,656,-29.401663116177748,1000,15959.0
Gamma,1.0,657,-34.78446240214967,1000,15959.0
Gamma,1.0,658,-9.68292755551861,1000,15959.0
Gamma,1.0,659,-57.48631828456519,1000,15959.0
Gamma,1.0,660,-21.734434659290372,162,15959.0
Gamma,1.0,661,-13.447259821289927,1000,15959.0
Gamma,1.0,662,-37.038915200802315,1000,15959.0
Gamma,1.0,663,-14.317848542098726,1000,15959.0
Gamma,1.0,664,-33.963453941196484,1000,15959.0
Gamma,1.0,665,-9.643982201172612,1000,15959.0
Gamma,1.0,666,-43.671732415098695,1000,15959.0
Gamma,1.0,667,10.991355421433624,1000,15959.0
Gamma,1.0,668,49.0590318477968,178,15959.0
Gamma,1.0,669,8.457690643253132,1000,15959.0
Gamma,1.0,670,-26.225346689116105,1000,15959.0
Gamma,1.0,671,-21.88666966746556,1000,15959.0
Gamma,1.0,672,10.436117395813579,1000,15959.0
Gamma,1.0,673,-55.48836803722949,1000,15959.0
Gamma,1.0,674,10.13566953273252,1000,15959.0
Gamma,1.0,675,-32.16602332521205,1000,15959.0
Gamma,1.0,676,-23.17968713332702,1000,15959.0
Gamma,1.0,677,-21.371567095124746,166,15959.0
Gamma,1.0,678,-59.740169675815025,1000,15959.0
Gamma,1.0,679,-54.48468741770149,1000,15959.0
Gamma,1.0,680,-31.558379675524545,1000,15959.0
Gamma,1.0,681,13.999409923023006,1000,15959.0
Gamma,1.0,682,-22.579626965595022,1000,15959.0
Gamma,1.0,683,-33.92018093339471,1000,15959.0
Gamma,1.0,684,0.200080446472225,1000,15959.0
Gamma,1.0,685,3.640425042005159,1000,15959.0
Gamma,1.0,686,-75.77202957534364,1000,15959.0
Gamma,1.0,687,-17.54937845302397,1000,15959.0
Gamma,1.0,688,-17.279155147827,1000,15959.0
Gamma,1.0,689,-29.135177896285015,1000,15959.0
Gamma,1.0,690,13.576553493516093,1000,15959.0
Gamma,1.0,691,25.589485486710004,167,15959.0
Gamma,1.0,692,-111.75871234522383,252,15959.0
Gamma,1.0,693,-22.335093828189603,1000,15959.0
Gamma,1.0,694,-15.662467703273506,1000,15959.0
Gamma,1.0,695,-18.13909830485079,1000,15959.0
Gamma,1.0,696,-11.296115600234602,1000,15959.0
Gamma,1.0,697,-27.938886716819468,1000,15959.0
Gamma,1.0,698,-32.52931796983946,1000,15959.0
Gamma,1.0,699,6.292642330347114,1000,15959.0
Gamma,1.0,700,-57.028930176238156,1000,15959.0
Gamma,1.0,701,23.199857483475466,1000,15959.0
Gamma,1.0,702,-16.029788527624206,1000,15959.0
Gamma,1.0,703,6.7772189672362035,1000,15959.0
Gamma,1.0,704,-32.170495431724454,1000,15959.0
Gamma,1.0,705,-24.568712222940466,1000,15959.0
Gamma,1.0,706,-36.6592135926847,1000,15959.0
Gamma,1.0,707,-55.87429383125184,1000,15959.0
Gamma,1.0,708,-46.37097054666162,1000,15959.0
Gamma,1.0,709,-18.685915747262587,1000,15959.0
Gamma,1.0,710,-26.76923479436978,97,15959.0
Gamma,1.0,711,-33.82011765935526,141,15959.0
Gamma,1.0,712,-35.18108054228543,1000,15959.0
Gamma,1.0,713,-81.60109334443732,1000,15959.0
Gamma,1.0,714,-10.588455183952684,1000,15959.0
Gamma,1.0,715,-23.05933785192943,1000,15959.0
Gamma,1.0,716,-9.214543293283606,1000,15959.0
Gamma,1.0,717,2.758992680605136,1000,15959.0
Gamma,1.0,718,-54.490076491183636,1000,15959.0
Gamma,1.0,719,-47.217259083198,1000,15959.0
Gamma,1.0,720,-58.95774132618451,1000,15959.0
Gamma,1.0,721,-25.892079933431276,1000,15959.0
Gamma,1.0,722,-141.8920680095746,98,15959.0
Gamma,1.0,723,-44.418537138998005,70,15959.0
Gamma,1.0,724,14.547837452402305,1000,15959.0
Gamma,1.0,725,3.0698789687343195,1000,15959.0
Gamma,1.0,726,-36.81284750836923,1000,15959.0
Gamma,1.0,727,4.644649490052775,1000,15959.0
Gamma,1.0,728,-42.06283898829569,1000,15959.0
Gamma,1.0,729,-17.364868986843806,1000,15959.0
Gamma,1.0,730,-5.247370699315518,1000,15959.0
Gamma,1.0,731,-34.36584678861706,1000,15959.0
Gamma,1.0,732,-28.489033813999193,1000,15959.0
Gamma,1.0,733,-28.651263496036975,67,15959.0
Gamma,1.0,734,14.813340204974345,1000,15959.0
Gamma,1.0,735,-36.226698532173444,1000,15959.0
Gamma,1.0,736,-27.440587591598312,1000,15959.0
Gamma,1.0,737,-4.224857351705064,1000,15959.0
Gamma,1.0,738,-46.556670982896506,1000,15959.0
Gamma,1.0,739,10.58498137609429,98,15959.0
Gamma,1.0,740,-23.158546521850525,1000,15959.0
Gamma,1.0,741,-18.853480593284143,1000,15959.0
Gamma,1.0,742,10.877577916804068,1000,15959.0
Gamma,1.0,743,-39.75223960542621,1000,15959.0
Gamma,1.0,744,-21.552326370304744,1000,15959.0
Gamma,1.0,745,-15.311988780171378,1000,15959.0
Gamma,1.0,746,-9.347815263543454,1000,15959.0
Gamma,1.0,747,-19.63056878347204,1000,15959.0
Gamma,1.0,748,-22.2777450796815,1000,15959.0
Gamma,1.0,749,-5.377935203678449,1000,15959.0
Gamma,1.0,750,-26.579979704107835,1000,15959.0
Gamma,1.0,751,-21.405325442136544,1000,15959.0
Gamma,1.0,752,-49.81685063304983,1000,15959.0
Gamma,1.0,753,-32.741916115912076,1000,15959.0
Gamma,1.0,754,4.133521469931655,1000,15959.0
Gamma,1.0,755,-19.523337953664655,1000,15959.0
Gamma,1.0,756,4.333056558931613,1000,15959.0
Gamma,1.0,757,-34.49875309436734,1000,15959.0
Gamma,1.0,758,7.310601470923459,1000,15959.0
Gamma,1.0,759,-9.869964522719918,1000,15959.0
Gamma,1.0,760,-30.432332611629928,1000,15959.0
Gamma,1.0,761,0.28532195539954613,1000,15959.0
Gamma,1.0,762,-22.884383628418007,1000,15959.0
Gamma,1.0,763,-22.254720266106474,1000,15959.0
Gamma,1.0,764,-25.126293243011276,1000,15959.0
Gamma,1.0,765,-4.160690990537644,1000,15959.0
Gamma,1.0,766,-8.468727848323782,1000,15959.0
Gamma,1.0,767,12.84774133096144,1000,15959.0
Gamma,1.0,768,-5.6329483354645085,1000,15959.0
Gamma,1.0,769,-3.836342689028699,1000,15959.0
Gamma,1.0,770,35.16433415240827,1000,15959.0
Gamma,1.0,771,-21.722514029624808,1000,15959.0
Gamma,1.0,772,-23.94625085546871,1000,15959.0
Gamma,1.0,773,-14.28489842677065,1000,15959.0
Gamma,1.0,774,9.754965172168198,82,15959.0
Gamma,1.0,775,-27.282322395032697,1000,15959.0
Gamma,1.0,776,-30.78577158751153,1000,15959.0
Gamma,1.0,777,7.615049129843079,1000,15959.0
Gamma,1.0,778,-34.837343251372594,1000,15959.0
Gamma,1.0,779,-8.28606232830278,1000,15959.0
Gamma,1.0,780,14.372413786988297,1000,15959.0
Gamma,1.0,781,-39.63047140995518,1000,15959.0
Gamma,1.0,782,-26.089205224781697,1000,15959.0
Gamma,1.0,783,-4.705004422669001,1000,15959.0
Gamma,1.0,784,-28.82645991968577,1000,15959.0
Gamma,1.0,785,-8.761015028892244,1000,15959.0
Gamma,1.0,786,-14.74345821874399,1000,15959.0
Gamma,1.0,787,-23.515416883963212,1000,15959.0
Gamma,1.0,788,-19.992416060446654,1000,15959.0
Gamma,1.0,789,11.006181754130827,1000,15959.0
Gamma,1.0,790,-56.74038137323814,1000,15959.0
Gamma,1.0,791,-40.065612417134716,1000,15959.0
Gamma,1.0,792,-60.64923403844732,1000,15959.0
Gamma,1.0,793,-155.47696368626936,78,15959.0
Gamma,1.0,794,-31.65233139504329,1000,15959.0
Gamma,1.0,795,-46.10562983181508,1000,15959.0
Gamma,1.0,796,-35.890661835207524,1000,15959.0
Gamma,1.0,797,10.709483449904107,1000,15959.0
Gamma,1.0,798,2.325136903037622,1000,15959.0
Gamma,1.0,799,-45.53149453587369,1000,15959.0
Gamma,1.0,800,-50.559209586642,1000,15959.0
Gamma,1.0,801,-16.319496801831352,1000,15959.0
Gamma,1.0,802,-1.1450423703891475,1000,15959.0
Gamma,1.0,803,4.54318907804785,1000,15959.0
Gamma,1.0,804,-9.535705967956407,1000,15959.0
Gamma,1.0,805,-5.024686590063835,1000,15959.0
Gamma,1.0,806,-31.20529215144278,1000,15959.0
Gamma,1.0,807,-57.29901324804045,1000,15959.0
Gamma,1.0,808,-18.176909720154846,1000,15959.0
Gamma,1.0,809,-0.7649620721969725,1000,15959.0
Gamma,1.0,810,-22.430753467235878,1000,15959.0
Gamma,1.0,811,-28.19605652048255,1000,15959.0
Gamma,1.0,812,-12.624641427370268,1000,15959.0
Gamma,1.0,813,-3.080816883852574,1000,15959.0
Gamma,1.0,814,-31.051723165998286,1000,15959.0
Gamma,1.0,815,-12.660907075748177,1000,15959.0
Gamma,1.0,816,5.885708344081171,1000,15959.0
Gamma,1.0,817,23.438784621448914,1000,15959.0
Gamma,1.0,818,9.91860346370424,1000,15959.0
Gamma,1.0,819,4.535796947337144,1000,15959.0
Gamma,1.0,820,11.648252733194159,1000,15959.0
Gamma,1.0,821,-23.1838611562876,1000,15959.0
Gamma,1.0,822,-46.13109347895194,1000,15959.0
Gamma,1.0,823,-11.251010421325343,1000,15959.0
Gamma,1.0,824,4.573471230046058,1000,15959.0
Gamma,1.0,825,16.945421376692618,1000,15959.0
Gamma,1.0,826,30.74027036243904,1000,15959.0
Gamma,1.0,827,-18.793272575020463,1000,15959.0
Gamma,1.0,828,-67.85039966255574,1000,15959.0
Gamma,1.0,829,21.527879314011752,1000,15959.0
Gamma,1.0,830,8.246369874925325,1000,15959.0
Gamma,1.0,831,-59.84969058094777,1000,15959.0
Gamma,1.0,832,-5.944242770973377,1000,15959.0
Gamma,1.0,833,15.031311552133722,1000,15959.0
Gamma,1.0,834,-75.70831907601686,1000,15959.0
Gamma,1.0,835,-47.96975111679684,1000,15959.0
Gamma,1.0,836,-51.701124345707576,1000,15959.0
Gamma,1.0,837,0.02962258763136516,1000,15959.0
Gamma,1.0,838,13.06488542715379,1000,15959.0
Gamma,1.0,839,-81.72109391421986,1000,15959.0
Gamma,1.0,840,-23.200697329261683,1000,15959.0
Gamma,1.0,841,-74.25884255703463,1000,15959.0
Gamma,1.0,842,11.45124224955826,1000,15959.0
Gamma,1.0,843,-0.8885480325653046,1000,15959.0
Gamma,1.0,844,19.34993066469969,1000,15959.0
Gamma,1.0,845,-46.54299316229118,1000,15959.0
Gamma,1.0,846,2.0409651720072217,1000,15959.0
Gamma,1.0,847,7.116405155462405,1000,15959.0
Gamma,1.0,848,-11.035819308975654,1000,15959.0
Gamma,1.0,849,-42.61996552152225,1000,15959.0
Gamma,1.0,850,-11.131948312329952,1000,15959.0
Gamma,1.0,851,23.97879326144015,1000,15959.0
Gamma,1.0,852,13.862191062519035,1000,15959.0
Gamma,1.0,853,-49.15682338224257,1000,15959.0
Gamma,1.0,854,-9.580646834027403,1000,15959.0
Gamma,1.0,855,-48.45141488199893,1000,15959.0
Gamma,1.0,856,-24.213610961527607,1000,15959.0
Gamma,1.0,857,-62.535646709223776,1000,15959.0
Gamma,1.0,858,3.050385998883505,1000,15959.0
Gamma,1.0,859,5.107844032279989,1000,15959.0
Gamma,1.0,860,-3.3236853681736607,1000,15959.0
Gamma,1.0,861,-17.811184632178456,1000,15959.0
Gamma,1.0,862,-31.13446111153012,1000,15959.0
Gamma,1.0,863,-78.80927878559163,1000,15959.0
Gamma,1.0,864,-11.632798783733946,1000,15959.0
Gamma,1.0,865,-7.759257573297004,1000,15959.0
Gamma,1.0,866,-62.56216829694501,1000,15959.0
Gamma,1.0,867,2.6799110020495602,1000,15959.0
Gamma,1.0,868,-7.21834890727481,1000,15959.0
Gamma,1.0,869,8.339178768002606,1000,15959.0
Gamma,1.0,870,-40.08213822778947,1000,15959.0
Gamma,1.0,871,2.7067420860140308,1000,15959.0
Gamma,1.0,872,7.948068259758546,1000,15959.0
Gamma,1.0,873,-30.927384431930598,1000,15959.0
Gamma,1.0,874,-20.201128845413855,1000,15959.0
Gamma,1.0,875,-32.352078548027166,1000,15959.0
Gamma,1.0,876,-16.700023499661803,1000,15959.0
Gamma,1.0,877,-63.96665735715038,1000,15959.0
Gamma,1.0,878,-41.27002542246755,1000,15959.0
Gamma,1.0,879,-2.1631083355733933,1000,15959.0
Gamma,1.0,880,-23.04785880569502,1000,15959.0
Gamma,1.0,881,10.652063684165235,1000,15959.0
Gamma,1.0,882,-42.68690201289967,1000,15959.0
Gamma,1.0,883,-13.301503918954424,1000,15959.0
Gamma,1.0,884,-26.37921238245554,1000,15959.0
Gamma,1.0,885,-1.3301800051236146,1000,15959.0
Gamma,1.0,886,4.5340059973749565,1000,15959.0
Gamma,1.0,887,-49.90142744810144,1000,15959.0
Gamma,1.0,888,-9.96219067552874,1000,15959.0
Gamma,1.0,889,1.4355607413050422,1000,15959.0
Gamma,1.0,890,-48.48787983022822,1000,15959.0
Gamma,1.0,891,21.77336346240713,1000,15959.0
Gamma,1.0,892,-52.90617110193821,1000,15959.0
Gamma,1.0,893,-3.7509617472331787,1000,15959.0
Gamma,1.0,894,18.90249207529623,1000,15959.0
Gamma,1.0,895,-76.1583055175919,1000,15959.0
Gamma,1.0,896,-24.600160637445487,1000,15959.0
Gamma,1.0,897,-22.82588391537396,1000,15959.0
Gamma,1.0,898,-17.04717640092249,1000,15959.0
Gamma,1.0,899,-46.17598560178057,1000,15959.0
Gamma,1.0,900,-66.90583110968582,1000,15959.0
Gamma,1.0,901,2.1333446107220424,1000,15959.0
Gamma,1.0,902,-32.69143922016693,1000,15959.0
Gamma,1.0,903,-12.678152607920858,1000,15959.0
Gamma,1.0,904,-53.79069275661654,1000,15959.0
Gamma,1.0,905,-32.47651681870521,1000,15959.0
Gamma,1.0,906,-29.923393008574568,1000,15959.0
Gamma,1.0,907,3.0318460951809065,1000,15959.0
Gamma,1.0,908,-12.859005154042347,1000,15959.0
Gamma,1.0,909,12.386415605707597,1000,15959.0
Gamma,1.0,910,0.36366998415826424,1000,15959.0
Gamma,1.0,911,-9.164823269013072,1000,15959.0
Gamma,1.0,912,-36.575275066034116,1000,15959.0
Gamma,1.0,913,12.340075404317762,1000,15959.0
Gamma,1.0,914,7.136896841093971,1000,15959.0
Gamma,1.0,915,-35.82753317760432,1000,15959.0
Gamma,1.0,916,10.794816344873936,1000,15959.0
Gamma,1.0,917,-41.88732550399128,1000,15959.0
Gamma,1.0,918,-37.26390486210159,1000,15959.0
Gamma,1.0,919,-65.0573454547672,1000,15959.0
Gamma,1.0,920,-58.31028316928556,1000,15959.0
Gamma,1.0,921,-36.216235955804564,1000,15959.0
Gamma,1.0,922,-25.96997914027295,1000,15959.0
Gamma,1.0,923,-22.823563129886843,1000,15959.0
Gamma,1.0,924,-8.042993301381228,1000,15959.0
Gamma,1.0,925,30.40571512302982,1000,15959.0
Gamma,1.0,926,-45.30101584089452,1000,15959.0
Gamma,1.0,927,3.4643184262068774,1000,15959.0
Gamma,1.0,928,-6.433900809140295,1000,15959.0
Gamma,1.0,929,-5.2093512889231315,1000,15959.0
Gamma,1.0,930,-23.011976282911288,1000,15959.0
Gamma,1.0,931,13.395411234317956,1000,15959.0
Gamma,1.0,932,-2.853679202673736,1000,15959.0
Gamma,1.0,933,-48.764957927926034,1000,15959.0
Gamma,1.0,934,-25.04601204426401,1000,15959.0
Gamma,1.0,935,-21.47593820504515,1000,15959.0
Gamma,1.0,936,-8.658018798376,1000,15959.0
Gamma,1.0,937,-6.285855221009942,1000,15959.0
Gamma,1.0,938,-13.538649194546142,1000,15959.0
Gamma,1.0,939,-23.673946393898365,1000,15959.0
Gamma,1.0,940,-34.81365617322058,1000,15959.0
Gamma,1.0,941,65.24187741936046,94,15959.0
Gamma,1.0,942,-281.53964171570556,96,15959.0
Gamma,1.0,943,-52.856624309803834,1000,15959.0
Gamma,1.0,944,-48.03181650192313,1000,15959.0
Gamma,1.0,945,-41.53447844941978,1000,15959.0
Gamma,1.0,946,-25.039548109516062,1000,15959.0
Gamma,1.0,947,-12.974943058575787,1000,15959.0
Gamma,1.0,948,-30.570007944571653,1000,15959.0
Gamma,1.0,949,-19.5944411900805,1000,15959.0
Gamma,1.0,950,-23.038582692446145,1000,15959.0
Gamma,1.0,951,-30.08141762645474,1000,15959.0
Gamma,1.0,952,-15.308401384009368,1000,15959.0
Gamma,1.0,953,28.943781845772783,1000,15959.0
Gamma,1.0,954,11.225255586526757,1000,15959.0
Gamma,1.0,955,-55.164636974536165,1000,15959.0
Gamma,1.0,956,-3.1087309632811557,1000,15959.0
Gamma,1.0,957,-7.646542853464464,1000,15959.0
Gamma,1.0,958,-19.180916440237752,1000,15959.0
Gamma,1.0,959,-32.31512987620803,1000,15959.0
Gamma,1.0,960,-18.20892653473713,1000,15959.0
Gamma,1.0,961,-41.99698117077058,1000,15959.0
Gamma,1.0,962,-51.08792144177952,1000,15959.0
Gamma,1.0,963,-29.766067263714792,1000,15959.0
Gamma,1.0,964,30.785380157267483,1000,15959.0
Gamma,1.0,965,10.7920767714552,1000,15959.0
Gamma,1.0,966,-25.692803244910767,1000,15959.0
Gamma,1.0,967,-22.373566787913493,1000,15959.0
Gamma,1.0,968,-13.769437916126144,1000,15959.0
Gamma,1.0,969,-54.52905908402792,1000,15959.0
Gamma,1.0,970,-32.88623551507398,1000,15959.0
Gamma,1.0,971,-21.259713113374527,1000,15959.0
Gamma,1.0,972,9.853398208512314,1000,15959.0
Gamma,1.0,973,-38.16989733320037,1000,15959.0
Gamma,1.0,974,-24.446299167185387,1000,15959.0
Gamma,1.0,975,9.30261528020575,1000,15959.0
Gamma,1.0,976,17.036471323403447,1000,15959.0
Gamma,1.0,977,-19.208702719368997,1000,15959.0
Gamma,1.0,978,2.64849615186529,1000,15959.0
Gamma,1.0,979,-54.16951408888736,1000,15959.0
Gamma,1.0,980,-25.22594809854958,1000,15959.0
Gamma,1.0,981,7.773904894362069,1000,15959.0
Gamma,1.0,982,-19.557318834950667,1000,15959.0
Gamma,1.0,983,-19.061174129992306,1000,15959.0
Gamma,1.0,984,-43.612617082548105,1000,15959.0
Gamma,1.0,985,-48.567238459083605,1000,15959.0
Gamma,1.0,986,-57.28872485162398,1000,15959.0
Gamma,1.0,987,-31.281421057754407,1000,15959.0
Gamma,1.0,988,-3.6255401920914148,1000,15959.0
Gamma,1.0,989,-18.905253466809814,1000,15959.0
Gamma,1.0,990,-67.98336503770693,1000,15959.0
Gamma,1.0,991,-43.12670741402115,1000,15959.0
Gamma,1.0,992,3.5141894617220775,1000,15959.0
Gamma,1.0,993,-36.03770859378106,1000,15959.0
Gamma,1.0,994,8.711265826502103,1000,15959.0
Gamma,1.0,995,6.30265572224144,1000,15959.0
Gamma,1.0,996,-30.786943538766966,1000,15959.0
Gamma,1.0,997,-10.754983277162346,1000,15959.0
Gamma,1.0,998,-59.833060615021,1000,15959.0
Gamma,1.0,999,-32.61646543749368,1000,15959.0
Gamma,1.0,1000,9.64078479033562,1000,15959.0
Gamma,1.0,1001,6.057903323893404,1000,15959.0
Gamma,1.0,1002,-15.23165363434445,1000,15959.0
Gamma,1.0,1003,-4.879766226233198,1000,15959.0
Gamma,1.0,1004,-30.717288128341274,1000,15959.0
Gamma,1.0,1005,-37.00591193153437,1000,15959.0
Gamma,1.0,1006,-27.42997607334842,1000,15959.0
Gamma,1.0,1007,-15.1691888099231,1000,15959.0
Gamma,1.0,1008,-16.275102036221604,1000,15959.0
Gamma,1.0,1009,-73.89763630122329,1000,15959.0
Gamma,1.0,1010,0.5866789921099098,153,15959.0
Gamma,1.0,1011,-38.40600001962575,1000,15959.0
Gamma,1.0,1012,22.235131767830456,1000,15959.0
Gamma,1.0,1013,-43.28949538581859,1000,15959.0
Gamma,1.0,1014,-9.995521726969045,1000,15959.0
Gamma,1.0,1015,-48.726692946683656,1000,15959.0
Gamma,1.0,1016,-35.73056841117325,1000,15959.0
Gamma,1.0,1017,-55.38169757971716,1000,15959.0
Gamma,1.0,1018,-57.909456435564444,1000,15959.0
Gamma,1.0,1019,-20.227808946092534,1000,15959.0
Gamma,1.0,1020,-70.44288129136108,1000,15959.0
Gamma,1.0,1021,-2.2594799276158053,1000,15959.0
Gamma,1.0,1022,3.012301654410221,1000,15959.0
Gamma,1.0,1023,-43.09520316092106,1000,15959.0
Gamma,1.0,1024,-38.173415171105525,1000,15959.0
Gamma,1.0,1025,-81.04240451541529,1000,15959.0
Gamma,1.0,1026,-2.6775811880200533,1000,15959.0
Gamma,1.0,1027,-91.61846884353498,1000,15959.0
Gamma,1.0,1028,-27.256814763420756,1000,15959.0
Gamma,1.0,1029,-81.29488240592177,1000,15959.0
Gamma,1.0,1030,-52.528746756219036,1000,15959.0
Gamma,1.0,1031,-27.909981065789566,1000,15959.0
Gamma,1.0,1032,-15.967018883592093,1000,15959.0
Gamma,1.0,1033,-39.6528416556857,1000,15959.0
Gamma,1.0,1034,8.056755485898307,1000,15959.0
Gamma,1.0,1035,-34.70701732015342,1000,15959.0
Gamma,1.0,1036,11.555211641737763,1000,15959.0
Gamma,1.0,1037,-37.043692774698506,1000,15959.0
Gamma,1.0,1038,-55.659571737317,1000,15959.0
Gamma,1.0,1039,-16.344114513721053,1000,15959.0
Gamma,1.0,1040,-12.499749077305161,1000,15959.0
Gamma,1.0,1041,-13.641662302903686,1000,15959.0
Gamma,1.0,1042,-39.74293146663692,1000,15959.0
Gamma,1.0,1043,-51.248023121461024,1000,15959.0
Gamma,1.0,1044,-30.52108637126973,1000,15959.0
Gamma,1.0,1045,-21.778984800551488,1000,15959.0
Gamma,1.0,1046,-17.26058406481161,1000,15959.0
Gamma,1.0,1047,10.040996914774361,1000,15959.0
Gamma,1.0,1048,-0.25786690617665675,1000,15959.0
Gamma,1.0,1049,-37.420502620401656,1000,15959.0
Gamma,1.0,1050,-45.30166520251731,1000,15959.0
Gamma,1.0,1051,-29.128019819421613,1000,15959.0
Gamma,1.0,1052,-11.425340201235219,1000,15959.0
Gamma,1.0,1053,-29.84532073717257,1000,15959.0
Gamma,1.0,1054,14.871151047367032,1000,15959.0
Gamma,1.0,1055,-62.17673183249131,1000,15959.0
Gamma,1.0,1056,-32.01286077393712,1000,15959.0
Gamma,1.0,1057,9.787019274707644,1000,15959.0
Gamma,1.0,1058,-53.238600538085144,1000,15959.0
Gamma,1.0,1059,-20.058443484959362,1000,15959.0
Gamma,1.0,1060,-15.517541767694606,1000,15959.0
Gamma,1.0,1061,-35.03753029327777,1000,15959.0
Gamma,1.0,1062,9.209603197842025,1000,15959.0
Gamma,1.0,1063,12.522435549551476,1000,15959.0
Gamma,1.0,1064,-28.397543534161056,1000,15959.0
Gamma,1.0,1065,-28.20074071846311,1000,15959.0
Gamma,1.0,1066,-18.339526869102645,1000,15959.0
Gamma,1.0,1067,-60.966239688098916,1000,15959.0
Gamma,1.0,1068,-65.68061720282722,1000,15959.0
Gamma,1.0,1069,1.0996578652237226,1000,15959.0
Gamma,1.0,1070,-10.72816020895511,1000,15959.0
Gamma,1.0,1071,-39.02128865847163,1000,15959.0
Gamma,1.0,1072,11.567078772875684,1000,15959.0
Gamma,1.0,1073,-15.216581401043667,1000,15959.0
Gamma,1.0,1074,-42.582735156557064,1000,15959.0
Gamma,1.0,1075,-34.25761226931428,1000,15959.0
Gamma,1.0,1076,-23.042790405907752,1000,15959.0
Gamma,1.0,1077,-6.576030855871202,1000,15959.0
Gamma,1.0,1078,-68.48932441575843,1000,15959.0
Gamma,1.0,1079,-35.129189035849116,1000,15959.0
Gamma,1.0,1080,-10.038565096192054,1000,15959.0
Gamma,1.0,1081,21.822525591452766,1000,15959.0
Gamma,1.0,1082,-14.552883444285802,1000,15959.0
Gamma,1.0,1083,-1.1546234956848638,1000,15959.0
Gamma,1.0,1084,-30.65229080999248,1000,15959.0
Gamma,1.0,1085,-69.94897220869545,1000,15959.0
Gamma,1.0,1086,-49.00470427979747,1000,15959.0
Gamma,1.0,1087,-67.19685461043136,1000,15959.0
Gamma,1.0,1088,-5.664899743459792,1000,15959.0
Gamma,1.0,1089,-15.418541807154803,1000,15959.0
Gamma,1.0,1090,-63.16832611052393,1000,15959.0
Gamma,1.0,1091,-14.266570141175215,1000,15959.0
Gamma,1.0,1092,-1.7336024527734164,1000,15959.0
Gamma,1.0,1093,-33.680908283466316,1000,15959.0
Gamma,1.0,1094,20.947290876866663,1000,15959.0
Gamma,1.0,1095,-5.157296801565749,1000,15959.0
Gamma,1.0,1096,-45.79141058630115,1000,15959.0
Gamma,1.0,1097,9.508873088899913,1000,15959.0
Gamma,1.0,1098,5.329394948656337,1000,15959.0
Gamma,1.0,1099,3.905869105484168,1000,15959.0
Gamma,1.0,1100,-41.70846478711705,1000,15959.0
Gamma,1.0,1101,-5.912419177373245,1000,15959.0
Gamma,1.0,1102,-36.06884112689999,1000,15959.0
Gamma,1.0,1103,-38.81258180930972,1000,15959.0
Gamma,1.0,1104,4.586484909144057,1000,15959.0
Gamma,1.0,1105,-3.8457076723479666,1000,15959.0
Gamma,1.0,1106,8.727827956561917,1000,15959.0
Gamma,1.0,1107,-10.590724588882546,1000,15959.0
Gamma,1.0,1108,-41.61980217679489,1000,15959.0
Gamma,1.0,1109,-6.43579922106547,1000,15959.0
Gamma,1.0,1110,6.916042548889513,1000,15959.0
Gamma,1.0,1111,-20.58123161170341,1000,15959.0
Gamma,1.0,1112,16.123266984992938,1000,15959.0
Gamma,1.0,1113,3.933640636666385,1000,15959.0
Gamma,1.0,1114,2.358863926767306,1000,15959.0
Gamma,1.0,1115,-48.540295916915184,1000,15959.0
Gamma,1.0,1116,-1.9038567091721115,1000,15959.0
Gamma,1.0,1117,2.3880092296515105,1000,15959.0
Gamma,1.0,1118,-52.615327197748,1000,15959.0
Gamma,1.0,1119,5.259404278089062,1000,15959.0
Gamma,1.0,1120,-3.208133348656049,1000,15959.0
Gamma,1.0,1121,-4.695453752740597,1000,15959.0
Gamma,1.0,1122,8.156488514273992,1000,15959.0
Gamma,1.0,1123,-28.436489980815647,1000,15959.0
Gamma,1.0,1124,-29.083003070476718,1000,15959.0
Gamma,1.0,1125,2.360484392264241,1000,15959.0
Gamma,1.0,1126,2.217385394912683,1000,15959.0
Gamma,1.0,1127,-28.62290887786241,1000,15959.0
Gamma,1.0,1128,18.251004831119662,1000,15959.0
Gamma,1.0,1129,-30.379905606365305,1000,15959.0
Gamma,1.0,1130,13.880137499078014,1000,15959.0
Gamma,1.0,1131,-17.88106328572326,1000,15959.0
Gamma,1.0,1132,-8.751865064399988,1000,15959.0
Gamma,1.0,1133,-42.33763067898,1000,15959.0
Gamma,1.0,1134,4.340219733070827,1000,15959.0
Gamma,1.0,1135,-6.1132968870745215,1000,15959.0
Gamma,1.0,1136,-12.735790306988715,1000,15959.0
Gamma,1.0,1137,10.721390171760792,1000,15959.0
Gamma,1.0,1138,3.079500873686272,1000,15959.0
Gamma,1.0,1139,-19.878907526839146,1000,15959.0
Gamma,1.0,1140,-0.4935352654566565,1000,15959.0
Gamma,1.0,1141,37.40646693614387,1000,15959.0
Gamma,1.0,1142,-31.232580821971982,1000,15959.0
Gamma,1.0,1143,-32.2086939839644,1000,15959.0
Gamma,1.0,1144,-5.953721628048166,1000,15959.0
Gamma,1.0,1145,0.5312022002229786,1000,15959.0
Gamma,1.0,1146,-25.1576635001099,1000,15959.0
Gamma,1.0,1147,3.3815363013414457,1000,15959.0
Gamma,1.0,1148,40.51277750632102,1000,15959.0
Gamma,1.0,1149,4.605586925768607,1000,15959.0
Gamma,1.0,1150,-33.492363323152546,1000,15959.0
Gamma,1.0,1151,4.027063052867047,1000,15959.0
Gamma,1.0,1152,-15.162907191236956,1000,15959.0
Gamma,1.0,1153,-49.34857689080342,1000,15959.0
Gamma,1.0,1154,-27.859076145346137,1000,15959.0
Gamma,1.0,1155,33.01486121979277,1000,15959.0
Gamma,1.0,1156,-41.28364528289014,1000,15959.0
Gamma,1.0,1157,9.093946927659347,1000,15959.0
Gamma,1.0,1158,-35.45048132915034,1000,15959.0
Gamma,1.0,1159,-24.22047114971214,1000,15959.0
Gamma,1.0,1160,-58.260142621312866,1000,15959.0
Gamma,1.0,1161,3.923518785059871,1000,15959.0
Gamma,1.0,1162,-6.906591343209924,1000,15959.0
Gamma,1.0,1163,13.584963360493228,1000,15959.0
Gamma,1.0,1164,-10.237934975223892,1000,15959.0
Gamma,1.0,1165,-32.93559772514171,1000,15959.0
Gamma,1.0,1166,12.171465134659396,1000,15959.0
Gamma,1.0,1167,24.87378875486652,1000,15959.0
Gamma,1.0,1168,-17.35148509913707,1000,15959.0
Gamma,1.0,1169,-36.16779918964172,1000,15959.0
Gamma,1.0,1170,-30.597763125763315,1000,15959.0
Gamma,1.0,1171,12.326843133688866,1000,15959.0
Gamma,1.0,1172,21.218818506154072,1000,15959.0
Gamma,1.0,1173,38.05531820850224,1000,15959.0
Gamma,1.0,1174,-5.458217485314557,1000,15959.0
Gamma,1.0,1175,14.202139559323339,1000,15959.0
Gamma,1.0,1176,-5.785989600633318,1000,15959.0
Gamma,1.0,1177,-14.77900955877975,1000,15959.0
Gamma,1.0,1178,-8.126788576342156,1000,15959.0
Gamma,1.0,1179,-36.7582423673332,1000,15959.0
Gamma,1.0,1180,-22.81935051826098,1000,15959.0
Gamma,1.0,1181,2.8465900530614165,1000,15959.0
Gamma,1.0,1182,-23.38715141193519,1000,15959.0
Gamma,1.0,1183,20.124916044780754,1000,15959.0
Gamma,1.0,1184,16.1884160688125,1000,15959.0
Gamma,1.0,1185,-50.40677988571,1000,15959.0
Gamma,1.0,1186,17.501628009223367,1000,15959.0
Gamma,1.0,1187,-45.88072066990671,1000,15959.0
Gamma,1.0,1188,-5.925352234726801,1000,15959.0
Gamma,1.0,1189,12.749982355687562,1000,15959.0
Gamma,1.0,1190,-24.436122866579147,1000,15959.0
Gamma,1.0,1191,5.453496388388827,1000,15959.0
Gamma,1.0,1192,-13.973875669183554,1000,15959.0
Gamma,1.0,1193,13.732029534586607,1000,15959.0
Gamma,1.0,1194,-23.5505996544816,1000,15959.0
Gamma,1.0,1195,-55.469646135040996,1000,15959.0
Gamma,1.0,1196,0.42109641104183915,1000,15959.0
Gamma,1.0,1197,-22.368990551598475,1000,15959.0
Gamma,1.0,1198,33.13312361295773,1000,15959.0
Gamma,1.0,1199,-8.267831431943321,1000,15959.0
Gamma,1.0,1200,6.713244208670557,1000,15959.0
Gamma,1.0,1201,20.022640467804486,1000,15959.0
Gamma,1.0,1202,-24.81050570084168,1000,15959.0
Gamma,1.0,1203,23.157261820315096,1000,15959.0
Gamma,1.0,1204,-25.286006192895066,1000,15959.0
Gamma,1.0,1205,-16.73037016963659,1000,15959.0
Gamma,1.0,1206,-28.61278224922651,1000,15959.0
Gamma,1.0,1207,3.5514308388535394,1000,15959.0
Gamma,1.0,1208,-25.78483756822855,1000,15959.0
Gamma,1.0,1209,-7.141233045707274,1000,15959.0
Gamma,1.0,1210,-10.453285155341286,1000,15959.0
Gamma,1.0,1211,30.560247853572854,1000,15959.0
Gamma,1.0,1212,-22.679647580109624,1000,15959.0
Gamma,1.0,1213,11.165565925925875,1000,15959.0
Gamma,1.0,1214,77.86205344492994,1000,15959.0
Gamma,1.0,1215,2.655952263068902,1000,15959.0
Gamma,1.0,1216,-12.123805213810822,1000,15959.0
Gamma,1.0,1217,4.9769394041855195,1000,15959.0
Gamma,1.0,1218,24.73925326041383,1000,15959.0
Gamma,1.0,1219,19.643604572222813,1000,15959.0
Gamma,1.0,1220,-5.76357057719223,1000,15959.0
Gamma,1.0,1221,0.8778182389256861,1000,15959.0
Gamma,1.0,1222,-22.649018140773148,1000,15959.0
Gamma,1.0,1223,-11.282983803539636,1000,15959.0
Gamma,1.0,1224,-27.272486404037373,1000,15959.0
Gamma,1.0,1225,22.267623097184675,1000,15959.0
Gamma,1.0,1226,-17.911686858167343,1000,15959.0
Gamma,1.0,1227,-2.712391142685759,1000,15959.0
Gamma,1.0,1228,-11.729238828569711,1000,15959.0
Gamma,1.0,1229,-11.935001754734266,1000,15959.0
Gamma,1.0,1230,-110.91596242854156,1000,15959.0
Gamma,1.0,1231,-42.82215354410646,1000,15959.0
Gamma,1.0,1232,221.2159373088518,471,15959.0
Gamma,1.0,1233,12.21324159646902,1000,15959.0
Gamma,1.0,1234,13.567027487108898,1000,15959.0
Gamma,1.0,1235,-38.85843946610774,1000,15959.0
Gamma,1.0,1236,-87.90178514880287,923,15959.0
Gamma,1.0,1237,3.9176792905533544,1000,15959.0
Gamma,1.0,1238,1.7972162119764166,1000,15959.0
Gamma,1.0,1239,-237.62069425748447,686,15959.0
Gamma,1.0,1240,-60.58077640991606,1000,15959.0
Gamma,1.0,1241,-20.559326017076316,1000,15959.0
Gamma,1.0,1242,-46.00683757457742,1000,15959.0
Gamma,1.0,1243,-12.434433822137969,1000,15959.0
Gamma,1.0,1244,14.700000305208988,308,15959.0
Gamma,1.0,1245,-36.10842888606007,1000,15959.0
Gamma,1.0,1246,16.174868139552945,1000,15959.0
Gamma,1.0,1247,25.08725806901943,1000,15959.0
Gamma,1.0,1248,-8.601826946532043,1000,15959.0
Gamma,1.0,1249,10.767629515219518,1000,15959.0
Gamma,1.0,1250,-33.674013288336184,773,15959.0
Gamma,1.0,1251,-48.658949341235214,1000,15959.0
Gamma,1.0,1252,-16.627463912851667,464,15959.0
Gamma,1.0,1253,244.41423482286652,430,15959.0
Gamma,1.0,1254,-27.424322206551025,496,15959.0
Gamma,1.0,1255,-179.24825811627522,746,15959.0
Gamma,1.0,1256,25.213306650236355,1000,15959.0
Gamma,1.0,1257,-37.80914884425698,1000,15959.0
Gamma,1.0,1258,-43.573369243807036,1000,15959.0
Gamma,1.0,1259,213.88265029359275,440,15959.0
Gamma,1.0,1260,162.37134352418292,515,15959.0
Gamma,1.0,1261,51.57576657079848,1000,15959.0
Gamma,1.0,1262,159.23844720203732,645,15959.0
Gamma,1.0,1263,-9.346543677087748,1000,15959.0
Gamma,1.0,1264,137.40610551437095,870,15959.0
Gamma,1.0,1265,77.92648940132257,1000,15959.0
Gamma,1.0,1266,199.3350148348233,619,15959.0
Gamma,1.0,1267,-35.84158310469746,518,15959.0
Gamma,1.0,1268,-243.02547350837025,762,15959.0
Gamma,1.0,1269,118.86762078574182,859,15959.0
Gamma,1.0,1270,106.81110294253165,1000,15959.0
Gamma,1.0,1271,73.96222304733897,1000,15959.0
Gamma,1.0,1272,11.042925292487372,1000,15959.0
Gamma,1.0,1273,-53.389497044503386,780,15959.0
Gamma,1.0,1274,172.02572681478046,563,15959.0
Gamma,1.0,1275,232.75750980793163,319,15959.0
Gamma,1.0,1276,-55.96603511841869,1000,15959.0
Gamma,1.0,1277,-40.97017807180162,1000,15959.0
Gamma,1.0,1278,7.143303138693324,1000,15959.0
Gamma,1.0,1279,4.0127301288352974,1000,15959.0
Gamma,1.0,1280,9.806283351122612,1000,15959.0
Gamma,1.0,1281,37.74029315664771,223,15959.0
Gamma,1.0,1282,-14.720986068926859,1000,15959.0
Gamma,1.0,1283,151.3896098664604,786,15959.0
Gamma,1.0,1284,198.17777907972925,558,15959.0
Gamma,1.0,1285,9.068075882219748,1000,15959.0
Gamma,1.0,1286,103.82528918595183,1000,15959.0
Gamma,1.0,1287,198.27245949306536,434,15959.0
Gamma,1.0,1288,266.2260142254388,330,15959.0
Gamma,1.0,1289,137.90966841189652,1000,15959.0
Gamma,1.0,1290,162.66911967034042,773,15959.0
Gamma,1.0,1291,236.84127433202605,297,15959.0
Gamma,1.0,1292,226.93838076467955,570,15959.0
Gamma,1.0,1293,3.9457575050324403,1000,15959.0
Gamma,1.0,1294,241.7494970367876,338,15959.0
Gamma,1.0,1295,206.72332820867382,802,15959.0
Gamma,1.0,1296,192.7295775036859,712,15959.0
Gamma,1.0,1297,-8.976877538978044,384,15959.0
Gamma,1.0,1298,66.30174455019579,1000,15959.0
Gamma,1.0,1299,281.1061367373924,315,15959.0
Gamma,1.0,1300,20.512435768395243,1000,15959.0
Gamma,1.0,1301,-36.99673808249412,1000,15959.0
Gamma,1.0,1302,147.1597981508873,685,15959.0
Gamma,1.0,1303,222.04356209105572,481,15959.0
Gamma,1.0,1304,37.531538409933276,1000,15959.0
Gamma,1.0,1305,172.9116598209473,845,15959.0
Gamma,1.0,1306,198.02066133166045,653,15959.0
Gamma,1.0,1307,209.1624765015329,459,15959.0
Gamma,1.0,1308,231.3752127475586,623,15959.0
Gamma,1.0,1309,-379.0427831758038,793,15959.0
Gamma,1.0,1310,-472.3107431244209,895,15959.0
Gamma,1.0,1311,277.37635973087833,358,15959.0
Gamma,1.0,1312,273.6422031980027,312,15959.0
Gamma,1.0,1313,-298.27508688404566,718,15959.0
Gamma,1.0,1314,222.66498596301764,381,15959.0
Gamma,1.0,1315,118.79683535257016,891,15959.0
Gamma,1.0,1316,177.01920046801706,435,15959.0
Gamma,1.0,1317,52.34150932648434,1000,15959.0
Gamma,1.0,1318,222.72730418168882,457,15959.0
Gamma,1.0,1319,270.37210094601755,433,15959.0
Gamma,1.0,1320,194.48424800879036,356,15959.0
Gamma,1.0,1321,150.0128892668541,692,15959.0
Gamma,1.0,1322,-299.0095495455107,473,15959.0
Gamma,1.0,1323,28.167376182009985,1000,15959.0
Gamma,1.0,1324,12.431462381634983,1000,15959.0
Gamma,1.0,1325,176.70429112678283,610,15959.0
Gamma,1.0,1326,236.33235951388906,313,15959.0
Gamma,1.0,1327,206.43991205997872,588,15959.0
Gamma,1.0,1328,210.5451782880999,391,15959.0
Gamma,1.0,1329,208.7630706302865,379,15959.0
Gamma,1.0,1330,224.16624191612277,309,15959.0
Gamma,1.0,1331,234.35648943291864,357,15959.0
Gamma,1.0,1332,227.32125370300258,416,15959.0
Gamma,1.0,1333,121.77628680308747,879,15959.0
Gamma,1.0,1334,214.02765737833198,537,15959.0
Gamma,1.0,1335,-221.95802401310857,695,15959.0
Gamma,1.0,1336,254.17199016218217,303,15959.0
Gamma,1.0,1337,26.292252258694365,1000,15959.0
Gamma,1.0,1338,247.26474469820758,412,15959.0
Gamma,1.0,1339,130.7412628896147,955,15959.0
Gamma,1.0,1340,268.9970608896226,359,15959.0
Gamma,1.0,1341,253.10230180188128,281,15959.0
Gamma,1.0,1342,251.84691769883906,352,15959.0
Gamma,1.0,1343,212.19825263736243,401,15959.0
Gamma,1.0,1344,235.87238439522778,600,15959.0
Gamma,1.0,1345,-5.136235499083785,1000,15959.0
Gamma,1.0,1346,220.5981106322611,505,15959.0
Gamma,1.0,1347,-249.1187921855769,818,15959.0
Gamma,1.0,1348,162.67813388517698,918,15959.0
Gamma,1.0,1349,140.1430757904599,869,15959.0
Gamma,1.0,1350,-2.936881157035888,1000,15959.0
Gamma,1.0,1351,1.2746475187094006,1000,15959.0
Gamma,1.0,1352,-38.418259608174864,1000,15959.0
Gamma,1.0,1353,213.05274753723316,457,15959.0
Gamma,1.0,1354,11.936550101578629,1000,15959.0
Gamma,1.0,1355,104.22450929546274,998,15959.0
Gamma,1.0,1356,-26.403177688881875,1000,15959.0
Gamma,1.0,1357,101.33315515940605,866,15959.0
Gamma,1.0,1358,-150.5554827652993,1000,15959.0
Gamma,1.0,1359,240.97131926764175,502,15959.0
Gamma,1.0,1360,95.99488477773627,980,15959.0
Gamma,1.0,1361,30.734478634255648,1000,15959.0
Gamma,1.0,1362,187.0668451924235,881,15959.0
Gamma,1.0,1363,179.21440575412103,832,15959.0
Gamma,1.0,1364,192.26353342321465,893,15959.0
Gamma,1.0,1365,244.44615388116745,532,15959.0
Gamma,1.0,1366,-74.22923864591719,1000,15959.0
Gamma,1.0,1367,234.78824745565734,370,15959.0
Gamma,1.0,1368,-163.65528349426484,463,15959.0
Gamma,1.0,1369,237.9139409482802,571,15959.0
Gamma,1.0,1370,-322.24763557833603,806,15959.0
Gamma,1.0,1371,203.1693065258097,796,15959.0
Gamma,1.0,1372,154.65777390688237,740,15959.0
Gamma,1.0,1373,240.64408299625296,358,15959.0
Gamma,1.0,1374,123.90926504670864,894,15959.0
Gamma,1.0,1375,-137.31086188808132,582,15959.0
Gamma,1.0,1376,-216.93960738873363,935,15959.0
Gamma,1.0,1377,238.69210599151276,304,15959.0
Gamma,1.0,1378,145.68566176476557,714,15959.0
Gamma,1.0,1379,261.9901317779925,355,15959.0
Gamma,1.0,1380,263.88428430731267,455,15959.0
Gamma,1.0,1381,75.41136704857259,1000,15959.0
Gamma,1.0,1382,206.40984917896128,620,15959.0
Gamma,1.0,1383,155.43218870728327,794,15959.0
Gamma,1.0,1384,38.90927639169637,1000,15959.0
Gamma,1.0,1385,170.5828218936928,610,15959.0
Gamma,1.0,1386,246.93895815031087,315,15959.0
Gamma,1.0,1387,267.8025120363397,344,15959.0
Gamma,1.0,1388,185.79767903856649,426,15959.0
Gamma,1.0,1389,142.33412079136397,854,15959.0
Gamma,1.0,1390,240.8346472909396,419,15959.0
Gamma,1.0,1391,-147.54903137125535,457,15959.0
Gamma,1.0,1392,163.9983178784595,743,15959.0
Gamma,1.0,1393,153.62860634995684,726,15959.0
Gamma,1.0,1394,259.00165722649865,347,15959.0
Gamma,1.0,1395,-41.95197313707675,1000,15959.0
Gamma,1.0,1396,284.22770903510116,316,15959.0
Gamma,1.0,1397,182.13882664460655,696,15959.0
Gamma,1.0,1398,-135.7870962686984,948,15959.0
Gamma,1.0,1399,-82.5677758093432,966,15959.0
Gamma,1.0,1400,229.02396792716473,474,15959.0
Gamma,1.0,1401,150.16839844800433,815,15959.0
Gamma,1.0,1402,235.55049480616094,451,15959.0
Gamma,1.0,1403,45.123892358587426,1000,15959.0
Gamma,1.0,1404,179.69401309415164,514,15959.0
Gamma,1.0,1405,-15.783385261559117,1000,15959.0
Gamma,1.0,1406,186.66596476017727,852,15959.0
Gamma,1.0,1407,-231.6397962300483,812,15959.0
Gamma,1.0,1408,-15.487420247953168,1000,15959.0
Gamma,1.0,1409,24.159155240904827,1000,15959.0
Gamma,1.0,1410,230.78612321218543,260,15959.0
Gamma,1.0,1411,31.134441312526775,1000,15959.0
Gamma,1.0,1412,204.16600713539975,752,15959.0
Gamma,1.0,1413,15.861243916974153,1000,15959.0
Gamma,1.0,1414,-16.86533678203846,1000,15959.0
Gamma,1.0,1415,-62.09805477811908,1000,15959.0
Gamma,1.0,1416,203.83009789222598,566,15959.0
Gamma,1.0,1417,22.485621457837823,1000,15959.0
Gamma,1.0,1418,-12.902113441470954,1000,15959.0
Gamma,1.0,1419,-23.265624978525864,702,15959.0
Gamma,1.0,1420,82.51795034285826,818,15959.0
Gamma,1.0,1421,-49.51943202175494,1000,15959.0
Gamma,1.0,1422,-72.77087578921997,1000,15959.0
Gamma,1.0,1423,-67.00421844073101,1000,15959.0
Gamma,1.0,1424,34.104941406283984,1000,15959.0
Gamma,1.0,1425,3.3356841825841035,1000,15959.0
Gamma,1.0,1426,-99.61801774015977,1000,15959.0
Gamma,1.0,1427,-43.27801170018564,1000,15959.0
Gamma,1.0,1428,-23.909776044929245,1000,15959.0
Gamma,1.0,1429,10.756416318438148,1000,15959.0
Gamma,1.0,1430,70.30952790004865,1000,15959.0
Gamma,1.0,1431,61.01070016001715,1000,15959.0
Gamma,1.0,1432,-23.226781246689733,1000,15959.0
Gamma,1.0,1433,33.87588674358547,1000,15959.0
Gamma,1.0,1434,-5.19992466187679,1000,15959.0
Gamma,1.0,1435,-220.28916928414804,655,15959.0
Gamma,1.0,1436,155.175558933213,712,15959.0
Gamma,1.0,1437,-18.229172462755653,1000,15959.0
Gamma,1.0,1438,-22.878964582344643,1000,15959.0
Gamma,1.0,1439,214.17677378979909,567,15959.0
Gamma,1.0,1440,58.923080289450056,1000,15959.0
Gamma,1.0,1441,-23.331196641415573,1000,15959.0
Gamma,1.0,1442,213.46404104432636,554,15959.0
Gamma,1.0,1443,-34.95728758011623,1000,15959.0
Gamma,1.0,1444,66.63562984664101,1000,15959.0
Gamma,1.0,1445,-68.1931159794635,1000,15959.0
Gamma,1.0,1446,26.8787587669941,1000,15959.0
Gamma,1.0,1447,81.17095431649727,1000,15959.0
Gamma,1.0,1448,-53.397701792417664,1000,15959.0
Gamma,1.0,1449,-53.220639072830615,1000,15959.0
Gamma,1.0,1450,-45.34403775894662,1000,15959.0
Gamma,1.0,1451,218.47312920653897,342,15959.0
Gamma,1.0,1452,150.47800623925787,675,15959.0
Gamma,1.0,1453,-2.180310966877742,1000,15959.0
Gamma,1.0,1454,4.7683142503813265,1000,15959.0
Gamma,1.0,1455,16.050259957847377,1000,15959.0
Gamma,1.0,1456,197.8696127306527,779,15959.0
Gamma,1.0,1457,-29.6979834054034,1000,15959.0
Gamma,1.0,1458,-28.52172454929188,1000,15959.0
Gamma,1.0,1459,-57.73813206520538,1000,15959.0
Gamma,1.0,1460,20.50629882195452,1000,15959.0
Gamma,1.0,1461,40.14057158052652,1000,15959.0
Gamma,1.0,1462,34.0395829809007,1000,15959.0
Gamma,1.0,1463,38.219971540706055,1000,15959.0
Gamma,1.0,1464,22.877125952621004,1000,15959.0
Gamma,1.0,1465,32.19365231414707,1000,15959.0
Gamma,1.0,1466,-15.298615787197143,1000,15959.0
Gamma,1.0,1467,15.83995435786012,1000,15959.0
Gamma,1.0,1468,28.197491783931195,1000,15959.0
Gamma,1.0,1469,-59.58357557275873,1000,15959.0
Gamma,1.0,1470,47.50793526928453,1000,15959.0
Gamma,1.0,1471,-19.57094124403244,145,15959.0
Gamma,1.0,1472,33.50598778769587,1000,15959.0
Gamma,1.0,1473,37.87976044880536,1000,15959.0
Gamma,1.0,1474,-10.145705125661802,1000,15959.0
Gamma,1.0,1475,26.18767494845033,1000,15959.0
Gamma,1.0,1476,-2.993600102013245,1000,15959.0
Gamma,1.0,1477,26.97301702130435,1000,15959.0
Gamma,1.0,1478,32.79838672492316,1000,15959.0
Gamma,1.0,1479,17.732625598925278,1000,15959.0
Gamma,1.0,1480,29.037825196177558,1000,15959.0
Gamma,1.0,1481,48.815559296213216,1000,15959.0
Gamma,1.0,1482,61.961134176226835,1000,15959.0
Gamma,1.0,1483,31.25425545624981,1000,15959.0
Gamma,1.0,1484,43.94572480805258,1000,15959.0
Gamma,1.0,1485,15.198317249487253,1000,15959.0
Gamma,1.0,1486,39.85020497882368,1000,15959.0
Gamma,1.0,1487,-8.762346893002798,1000,15959.0
Gamma,1.0,1488,80.56118867044265,150,15959.0
Gamma,1.0,1489,27.79423458639722,1000,15959.0
Gamma,1.0,1490,25.172188367156775,1000,15959.0
Gamma,1.0,1491,45.85256227908573,1000,15959.0
Gamma,1.0,1492,54.74430726981149,1000,15959.0
Gamma,1.0,1493,135.04139116887524,971,15959.0
Gamma,1.0,1494,12.442224633679544,175,15959.0
Gamma,1.0,1495,30.87785310030535,1000,15959.0
Gamma,1.0,1496,16.547493740461384,1000,15959.0
Gamma,1.0,1497,45.780832801240415,1000,15959.0
Gamma,1.0,1498,22.065915215707594,1000,15959.0
Gamma,1.0,1499,-2.9536991403284762,1000,15959.0
Gamma,1.0,1500,14.455309381028716,1000,15959.0
Gamma,1.0,1501,-12.805479834789207,1000,15959.0
Gamma,1.0,1502,65.21514867850463,1000,15959.0
Gamma,1.0,1503,30.282112191147583,1000,15959.0
Gamma,1.0,1504,39.800493805137556,1000,15959.0
Gamma,1.0,1505,16.303825418671543,1000,15959.0
Gamma,1.0,1506,24.79633637181237,1000,15959.0
Gamma,1.0,1507,24.033260501907368,1000,15959.0
Gamma,1.0,1508,39.87521400702863,1000,15959.0
Gamma,1.0,1509,0.3140960360503957,1000,15959.0
Gamma,1.0,1510,-8.77189734794369,1000,15959.0
Gamma,1.0,1511,26.18362321590859,1000,15959.0
Gamma,1.0,1512,3.3446976487825832,1000,15959.0
Gamma,1.0,1513,-5.716356034225612,1000,15959.0
Gamma,1.0,1514,50.490814600576584,1000,15959.0
Gamma,1.0,1515,35.736728913897835,1000,15959.0
Gamma,1.0,1516,-96.21350926096001,150,15959.0
Gamma,1.0,1517,16.882863704792015,1000,15959.0
Gamma,1.0,1518,31.310603231314722,1000,15959.0
Gamma,1.0,1519,34.059225442888625,1000,15959.0
Gamma,1.0,1520,-15.436097955854564,1000,15959.0
Gamma,1.0,1521,27.81254902785848,1000,15959.0
Gamma,1.0,1522,10.261309061276801,1000,15959.0
Gamma,1.0,1523,51.806569165300004,132,15959.0
Gamma,1.0,1524,199.58383034568118,699,15959.0
Gamma,1.0,1525,-8.339295784420772,1000,15959.0
Gamma,1.0,1526,51.04667334866645,1000,15959.0
Gamma,1.0,1527,49.273829916219015,1000,15959.0
Gamma,1.0,1528,38.74695546681224,1000,15959.0
Gamma,1.0,1529,1.1603857388127863,1000,15959.0
Gamma,1.0,1530,49.101141950424086,1000,15959.0
Gamma,1.0,1531,33.33329368884624,1000,15959.0
Gamma,1.0,1532,65.80213099893282,1000,15959.0
Gamma,1.0,1533,11.322247109530986,1000,15959.0
Gamma,1.0,1534,42.47648809751171,1000,15959.0
Gamma,1.0,1535,-65.36482200656661,132,15959.0
Gamma,1.0,1536,34.450406779943805,1000,15959.0
Gamma,1.0,1537,17.49360690015219,1000,15959.0
Gamma,1.0,1538,-6.976547841550676,1000,15959.0
Gamma,1.0,1539,25.540459961088327,1000,15959.0
Gamma,1.0,1540,22.76605466953756,1000,15959.0
Gamma,1.0,1541,32.596896752724945,140,15959.0
Gamma,1.0,1542,-4.210779551365116,1000,15959.0
Gamma,1.0,1543,47.897687836063696,1000,15959.0
Gamma,1.0,1544,39.357694004844106,1000,15959.0
Gamma,1.0,1545,40.48921873884257,1000,15959.0
Gamma,1.0,1546,19.03715721830365,1000,15959.0
Gamma,1.0,1547,6.173077759416132,1000,15959.0
Gamma,1.0,1548,31.496402406339413,1000,15959.0
Gamma,1.0,1549,153.4484656385771,867,15959.0
Gamma,1.0,1550,70.36059477441165,167,15959.0
Gamma,1.0,1551,14.06076025170815,1000,15959.0
Gamma,1.0,1552,-9.59576383863654,1000,15959.0
Gamma,1.0,1553,5.95397547313294,1000,15959.0
Gamma,1.0,1554,169.8581615870289,850,15959.0
Gamma,1.0,1555,19.89624269333794,1000,15959.0
Gamma,1.0,1556,23.035653161617585,1000,15959.0
Gamma,1.0,1557,2.734999053820615,1000,15959.0
Gamma,1.0,1558,-180.1659194285738,108,15959.0
Gamma,1.0,1559,16.63008735555652,1000,15959.0
Gamma,1.0,1560,31.93982235760299,1000,15959.0
Gamma,1.0,1561,26.817587770226893,1000,15959.0
Gamma,1.0,1562,62.293669496807915,1000,15959.0
Gamma,1.0,1563,13.062901465929299,1000,15959.0
Gamma,1.0,1564,30.303845877373007,1000,15959.0
Gamma,1.0,1565,26.818238627821724,1000,15959.0
Gamma,1.0,1566,33.63404328564545,135,15959.0
Gamma,1.0,1567,12.911110747830001,1000,15959.0
Gamma,1.0,1568,61.67574216160651,1000,15959.0
Gamma,1.0,1569,19.53764159371548,1000,15959.0
Gamma,1.0,1570,23.225666032870812,1000,15959.0
Gamma,1.0,1571,66.75576248293254,138,15959.0
Gamma,1.0,1572,9.219248634263295,281,15959.0
Gamma,1.0,1573,45.581059400486474,1000,15959.0
Gamma,1.0,1574,34.441111798206904,1000,15959.0
Gamma,1.0,1575,24.1677599403937,1000,15959.0
Gamma,1.0,1576,28.21661919758877,1000,15959.0
Gamma,1.0,1577,30.42219904115065,1000,15959.0
Gamma,1.0,1578,6.548037329947367,1000,15959.0
Gamma,1.0,1579,19.69901925425929,1000,15959.0
Gamma,1.0,1580,41.673783814913165,1000,15959.0
Gamma,1.0,1581,-5.317748804994235,1000,15959.0
Gamma,1.0,1582,91.79986274633805,1000,15959.0
Gamma,1.0,1583,31.293447890542467,1000,15959.0
Gamma,1.0,1584,24.979033568561128,1000,15959.0
Gamma,1.0,1585,49.431466100218955,1000,15959.0
Gamma,1.0,1586,19.26576147365138,134,15959.0
Gamma,1.0,1587,19.00690677245614,1000,15959.0
Gamma,1.0,1588,15.793444420517714,1000,15959.0
Gamma,1.0,1589,43.2460357866978,1000,15959.0
Gamma,1.0,1590,10.770154927028534,1000,15959.0
Gamma,1.0,1591,26.963341641594706,1000,15959.0
Gamma,1.0,1592,44.25703805959795,1000,15959.0
Gamma,1.0,1593,15.32058289559123,1000,15959.0
Gamma,1.0,1594,41.11050161282808,1000,15959.0
Gamma,1.0,1595,-13.728654298601269,1000,15959.0
Gamma,1.0,1596,19.558873056705714,1000,15959.0
Gamma,1.0,1597,153.33841732767868,893,15959.0
Gamma,1.0,1598,35.090624514000915,1000,15959.0
Gamma,1.0,1599,17.100943121406118,1000,15959.0
